Inscricao;CPF_CNPJ;Nome;Nome_Cidade;2018(R$);Variacao_1;2019(R$);Variacao_2;2020(R$);DDD_DECLAN;Telefone_DECLAN;DDD_Fax_DECLAN;Fax_DECLAN;Email_DECLAN;Nome_Representante_DECLAN;DDD_Representante_DECLAN;Telefone_Representante_DECLAN;Contador_DECLAN;DDD_Contador_DECLAN;Telefone_Contador_DECLAN;Endereco_Obrigados;Bairro_Obrigados;Cidade_Obrigados;Nome_Cidade_Obrigados;UF_Obrigados;Tipo_Logradouro_Municipio;Endereco_Municipio;Numero_Municipio;Complemento_Municipio;Bairro_Municipio;Cidade_Municipio;Nome_Cidade_Municipio;UF_Municipio;CEP_Municipio;Email_Municipio;Telefone_Municipio;Nome_Contador;Tipo_Logradouro_Contador;Endereco_Contador;Numero_Contador;Complemento_Contador;Bairro_Contador;Cidade_Contador;Nome_Cidade_Contador;UF_Contador;CEP_Contador;Email_Contador;Telefone_Contador
85874047;="67405936000173";PEUGEOT CITROEN DO BRASIL AUTOMOVEIS LTDA;Porto Real;2888226548,88;-626599849,94;2261626698,94;-307258339,39;1954368359,55;011;98130789;;;cvenfiscal@stellantis.com;LEONARDO ALVES FERNANDES DE OLIVEIRA;031;97161349;LEONARDO ALVES FERNANDES DE OLIVEIRA;031;97161349;AVN RENATO MONTEIRO 6901 E 6200- PARTE.;POLO URBO AGRO INDUSTRIAL;59;Porto Real;RJ;;;;;;59;Porto Real;RJ;;;;;;;;;;;;;;;
77015523;="03571044000160";MA AUTOMOTIVE BRASIL LTDA;Porto Real;193086998,23;-44239124,66;148847873,57;-37056301,86;111791571,71;021;34862953;;;carla.azevedo@br.ma.gruppocln.com;VICTOR HUGO MANDRINI;24;81529000;PHILIPE GUAIATO FERREIRA;24;92247076;AVN RENATO MONTEIRO 6200 A/ TECNOPOLO I;Polo Urbo Agro Industrial;59;Porto Real;RJ;;;;;;59;Porto Real;RJ;;;;;;;;;;;;;;;
85874314;="03094658000440";GEFCO LOGISTICA DO BRASIL LTDA;Porto Real;92681954,47;-2851837,33;89830117,14;-33691596,14;56138521;021;24385039;;;thayna.dias@cevalogistics.com;MILTON TADEU PIMENTA JUNIOR;21;75747375;EDENOR SANTIAGO MAZAIA;21;75747375;AVN RENATO MONTEIRO 6901 PARTE;Polo Urbo Agroindustrial;59;Porto Real;RJ;;;;;;59;Porto Real;RJ;;;;;;;;;;;;;;;
84781193;="01695370000153";CEG RIO S/A;Porto Real;90908536,41;13696677,18;104605213,59;-21897447,88;82707765,71;;;;;;;;;;;;;;;;;;;;;;;;;;;;;;;;;;;;;;;
87403246;="32492373003996";TRANSPORTE EXCELSIOR LTDA;Porto Real;33509680,74;-289725,759999998;33219954,98;-15349233,94;17870721,04;024;33433487;;;contabilidade@transporteexcelsior.com.br;ROG?RIO LOUREIRO;24;33433487;DULCINEIDE MAN?O;24;33433487;AVN RENATO MONTEIRO 7777 PARTE;POLO INDUSTRIAL;59;Porto Real;RJ;;;;;;59;Porto Real;RJ;;;;;;;;;;;;;;;
79762172;="01178298001754";FAURECIA AUTOMOTIVE DO BRASIL LTDA;Porto Real;77885781,28;-42457674,38;35428106,9;-12530173,36;22897933,54;024;32089500;;;DL-BR-CUR-TRIBUTARIO@FAURECIA.COM;FABRICIO SBARDELOTO;041;40098821;CLAUDIA PLONCOSKI S. LIMA;041;40098821;AVN RENATO MONTEIRO 6200 COND.TECNOPOLO 1 LOTE B ALA ESQUERD;POLO URBO AGRO INDUSTRIAL;59;Porto Real;RJ;;;;;;59;Porto Real;RJ;;;;;;;;;;;;;;;
85874500;="60395589000287";BRAZUL TRANSPORTE DE VEICULOS LTDA;Porto Real;27566538,55;1387874,04;28954412,59;-11719575,43;17234837,16;031;30719583;;;csc.fiscal@sada.com.br;VITTORIO MEDIOLI;31;30710700;Denys Douglas Gon?alves;31;30710700;AVN RENATO MONTEIRO 4800 ;POLO INDUSTRIAL;59;Porto Real;RJ;;;;;;59;Porto Real;RJ;;;;;;;;;;;;;;;
79632511;="02160284000613";IPA - INDUSTRIA DE PRODUTOS AUTOMOTIVOS RGS LTDA;Porto Real;22892086,2;-11754381,16;11137705,04;-11137705,04;0;012;36549019;;;servicon.contabil@gmail.com;MARCELO  DE OLIVEIRA TELES;24;21093920;PAULO SERGIO DE SOUZA;24;21093920;AVN RENATO MONTEIRO 5570 PREDIO MAF ,ULTIMO PAVIMENTO;POLO AGRO INDUSTRIAL;59;Porto Real;RJ;;;;;;59;Porto Real;RJ;;;;;;;;;;;;;;;
79220035;="12744404000179";MUNDIAL DISTRIBUIDORA DE PRODUTOS DE CONSUMO LTDA;Porto Real;11372724,14;-854992,630000001;10517731,51;-10517731,51;0;051;33585012;;;;JULIO CESAR CAMARA;011;35241503;IVANES GRISON SOUTO;051;34325347;;;75;São João de Meriti;RJ;;;;;;75;São João de Meriti;RJ;;;;;;;;;;;;;;;
81592578;="61190096000354";EUROFARMA LABORATORIOS S/A;Porto Real;0;21861411,42;21861411,42;-8677034,07;13184377,35;011;50908423;;;compliance.tributario@eurofarma.com;MAURIZIO BILLI;11;50908600;Carmelita Bittencourt da Silva Esteves;11;50908600;ROD PRESIDENTE DUTRA S/N :KM 296,LOTE:2A 1D;BULHOES VELHO;59;Porto Real;RJ;;;;;;59;Porto Real;RJ;;;;;;;;;;;;;;;
87463737;="07973198000481";EUROLAF VEICULOS ESPECIAIS LTDA;Porto Real;3281230,67;4912655,26;8193885,93;-8193885,93;0;024;33532318;024;33533335;;THIAGO ALMEIDA MORENO;024;33532318;HOUBER CORRADI;24;33532318;AVN RENATO MONTEIRO SN ;POLO URBO AGRO INDUSTRIAL;59;Porto Real;RJ;;;;;;59;Porto Real;RJ;;;;;;;;;;;;;;;
78024623;="02645941000450";PLASTIC OMNIUM DO BRASIL LTDA;Porto Real;49641997,43;-19803933,89;29838063,54;-7337917,27;22500146,27;012;21250945;012;91062688;antonio.bessa@plasticomnium.com;EMMANUEL ERIC LEMAITRE;012;21250919;MARA CIANE GON?ALVES MENSLIN;012;99106056;AVN RENATO MONTEIRO 5570 ;POLO URBO AGRO INDUSTRIAL;59;Porto Real;RJ;;;;;;59;Porto Real;RJ;;;;;;;;;;;;;;;
79259730;="07677731000549";AUTOPORT TRANSPORTES E LOGISTICA LTDA;Porto Real;17766569,04;1501922,6;19268491,64;-7049172,23;12219319,41;;;;;contabilidade.log@aguiabranca.com.br;ANA SILVIA CALEGARI;027;21241404;NUBIA CARLA FREITAS SANTOS SOUZA;027;21251427;AVN RENATO MONTEIRO S/N SALA 02;PORTO UBRO AGRO INDUSTRIAL;59;Porto Real;RJ;;;;;;59;Porto Real;RJ;;;;;;;;;;;;;;;
78658177;="55064562001839";MAQUINAS AGRICOLAS JACTO S A;Porto Real;9094573,55;4022672,89;13117246,44;-6225980,08;6891266,36;;;;;carla.esteves@jacto.com.br;RICARDO SEIJI BERNARDES NISHIMURA;14;34052100;LUIZ CARLOS MARTESSI VINHOLO;014;34052100;ETR PUBLICA S/N QUADRA X, LOTE 003;PARQUE MARIANA;59;Porto Real;RJ;;;;;;59;Porto Real;RJ;;;;;;;;;;;;;;;
86682303;="20094487000126";M APARECIDA OLIVEIRA TRANSPORTES E LOGISTICA ME;Porto Real;3930485,08;2686158,11;6616643,19;-6052468,03;564175,16;;;;;;;;;;;;;;;;;;;;;;;;;;;;;;;;;;;;;;;
85874241;="01178298000510";FAURECIA AUTOMOTIVE DO BRASIL LTDA;Porto Real;67659483,46;-27477979,21;40181504,25;-5995308,37;34186195,88;;;;;DL-BR-CUR-TRIBUTARIO@FAURECIA.COM;FABRICIO SBARDELOTO;041;40098821;CLAUDIA PLONCOSKI S. LIMA;041;40098821;AVN RENATO MONTEIRO 6200 AREA C TECNOPOLO 1;POLO URGO AGRO INDUSTRIAL;59;Porto Real;RJ;;;;;;59;Porto Real;RJ;;;;;;;;;;;;;;;
77522905;="04833584000137";TRANSMARGOO TURISMO E FRETAMENTO EIRELI;Porto Real;0;5206817,06;5206817,06;-5206817,06;0;;;;;;;;;;;;;;;;;;;;;;;;;;;;;;;;;;;;;;;
80046561;="33050071000158";AMPLA ENERGIA E SERVICOS S.A.;Porto Real;56721497,69;4687975,64;61409473,33;-4750712,14;56658761,19;;;;;;;;;;;;;;;;;;;;;;;;;;;;;;;;;;;;;;;
75819625;="03094658000106";GEFCO LOGISTICA DO BRASIL LTDA;Porto Real;8589972,1;-3274330,2;5315641,9;-4745786,59;569855,31;;;;;;;;;;;;;;;;;;;;;;;;;;;;;;;;;;;;;;;
87456218;="01178298002211";FAURECIA AUTOMOTIVE DO BRASIL LTDA;Porto Real;17675418,5;-8507659,91;9167758,59;-4517810,87;4649947,72;011;21917971;;;DL-BR-Cur-Tributario@faurecia.com;FABRICIO SBARDELOTO;041;40098821;CLAUDIA PLONCOSKI S. LIMA;041;40098821;AVN RENATO MONTEIRO 5570 ALA B;POLO URBO AGRO INDUSTRIAL;59;Porto Real;RJ;;;;;;59;Porto Real;RJ;;;;;;;;;;;;;;;
85874195;="02295769000533";BENTELER SISTEMAS AUTOMOTIVOS LTDA;Porto Real;157085991,85;-147105092,4;9980899,45;-4382255,38;5598644,07;024;33588200;024;33588222;edson.cleytondias@benteler.com;FRANCISCO DA COSTA;19;21223089;EDSON CLEYTON DIAS;19;21223067;AVN RENATO MONTEIRO 6200 D;TECNOPOLO 1;59;Porto Real;RJ;;;;;;59;Porto Real;RJ;;;;;;;;;;;;;;;
87469662;="28660569000100";T2W LOGISTICA E TRANSPORTES LTDA ME;Porto Real;0;4291608,51;4291608,51;-4273139,01;18469,5;024;21093920;;;pedro@twlog.com.br;PEDRO MACHADO DOS SANTOS;0024;33531515;PAULO SERGIO DE SOUZA;0024;21093920;AVN DOM PEDRO II 4595 GALPAO:01;VILLAGE PORTO REAL;59;Porto Real;RJ;;;;;;59;Porto Real;RJ;;;;;;;;;;;;;;;
77380450;="19199348003284";SADA TRANSPORTES E ARMAZENAGENS S/A;Porto Real;7297446,64;433658,720000001;7731105,36;-3582866,04;4148239,32;031;30719583;;;csc.fiscal@sada.com.br;VITTORIO MEDIOLI;31;30710700;Denys Douglas Gon?alves;31;30710700;AVN RENATO MONTEIRO S/N KM 4800;POLO INDUSTRIAL;59;Porto Real;RJ;;;;;;59;Porto Real;RJ;;;;;;;;;;;;;;;
86681919;="92327410000321";KLL EQUIPAMENTOS PARA TRANSPORTE S/A;Porto Real;1088535,63;3550117,98;4638653,61;-3526306,43;1112347,18;051;34839393;;;;JULIO ASSIS DE COSTA;24;33531801;MIRTIS MARIA CAMPANHARO GALLON;24;33531801;RUA FERNANDO BERNARDELLI 2009 ;CENTRO;59;Porto Real;RJ;;;;;;59;Porto Real;RJ;;;;;;;;;;;;;;;
87172856;="02709439000628";BNLOG TRANSPORTES E LOGISTICA LTDA;Porto Real;3963192,31;123693,49;4086885,8;-3012821,8;1074064;;;;;;;;;;;;;;;;;;;;;;;;;;;;;;;;;;;;;;;
79626945;="03717227002941";NIPPONFLEX INDUSTRIA E COMERCIO DE COLCHOES LTDA;Porto Real;6991516,71;-1395832,71;5595684;-2772777,56;2822906,44;024;33554108;024;33554108;novacontabilidade34@gmail.com;VALDENIR GON?ALVES DE SALES;24;33231094;SONIA MARIA DE ARANTES SANTOS;24;33231094;RUA B 60 AREA 2-A;POLO EMPRESARIAL;59;Porto Real;RJ;;;;;;59;Porto Real;RJ;;;;;;;;;;;;;;;
79757055;="20468310010024";TORA TRANSPORTES INDUSTRIAIS LTDA;Porto Real;18857454,96;-1794771,74;17062683,22;-2553419,04;14509264,18;;;;;;;;;;;;;;;;;;;;;;;;;;;;;;;;;;;;;;;
78349433;="06012414000206";POSTO SOL DA DUTRA LTDA;Porto Real;2754070,81;-222172,66;2531898,15;-2531898,15;0;;;;;;LUIZ EDUARDO TARQUINIO;24;33532656;MARIA DO CARMO TEIXEIRA;024;33481689;ROD PRESIDENTE DUTRA S/N KM 296,2;POLO URBO AGRO INDUSTRIAL;59;Porto Real;RJ;;;;;;59;Porto Real;RJ;;;;;;;;;;;;;;;
76159122;="03537249000129";CSN ENERGIA S/A;Porto Real;3397819,61;-403349,8;2994469,81;-2133147,58;861322,23;;;;;;;;;;;;;;;;;;;;;;;;;;;;;;;;;;;;;;;
76171769;="04532167000154";BMB MODE CENTER - INDUSTRIA COMERCIO E SERVICOS LTDA;Porto Real;28304883,98;4171690,82;32476574,8;-2013993,52;30462581,28;011;23777000;;;CONTROLADORIA@MODECENTER.COM.BR;ADRIANO ORTEGA CARVALHO;24;33883229;DANILO DA CUNHA PASCOAL;24;33883053;RUA RENATO MONTEIRO 8005 ;POLO URBO INDUSTRIAL;59;Porto Real;RJ;;;;;;59;Porto Real;RJ;;;;;;;;;;;;;;;
78351764;="09036926000101";RESTAURANTE PIEMONTE DE PORTO REAL LTDA;Porto Real;3330026,63;-55982,5600000001;3274044,07;-1715189,67;1558854,4;;;;;;LUIZ EDUARDO TARQUINIO MONTEIRO;24;33481689;MARIA DO CARMO TEIXEIRA;024;33481689;ROD PRESIDENTE DUTRA S/N KM 296,2, PARTE;TREVO AC AO POLO UR AGRO IND;59;Porto Real;RJ;;;;;;59;Porto Real;RJ;;;;;;;;;;;;;;;
87351688;="27621139000109";KAERU INDUSTRIA E COMERCIO DE PECAS USINADAS LTDA;Porto Real;9729316,17;-2459687,21;7269628,96;-1655790,11;5613838,85;011;34636555;;;firbraz@firbraz.com.br;EDVALDO FERREIRA DA SILVA;011;47889200;JOSE VICTOR DE OLIVEIRA;011;34636555;ETR PUBLICA S/N QUADRA X LOTE 04;Parque Mariana;59;Porto Real;RJ;;;;;;59;Porto Real;RJ;;;;;;;;;;;;;;;
85804774;="67945071001029";SAPORE S.A;Porto Real;8987830,74;-4876590,1;4111240,64;-1618319,41;2492921,23;;;;;;;;;;;;;;;;;;;;;;;;;;;;;;;;;;;;;;;
86541777;="13247991000234";KETLOG TRANSPORTE DE CARGAS LTDA;Porto Real;973521,44;747274,52;1720795,96;-1366187,91;354608,05;;;;;;;;;;;;;;;;;;;;;;;;;;;;;;;;;;;;;;;
87012409;="09913147001038";FL LOGISTICA BRASIL LTDA;Porto Real;481833,38;791293,75;1273127,13;-1273127,13;0;;;;;;VALMIR SOUZA DE ALMEIDA;11;27390263;ANGELICA BEVILACQUA PARRA;11;27390263;AVN DOM PEDRO II 87 SALA 01;CENTRO;59;Porto Real;RJ;;;;;;59;Porto Real;RJ;;;;;;;;;;;;;;;
86635577;="82270711001627";CARGOLIFT LOGISTICA S/A;Porto Real;1707256,53;-235986,37;1471270,16;-893910,15;577360,01;;;;;;;;;;;;;;;;;;;;;;;;;;;;;;;;;;;;;;;
79832049;="17354841000108";TRANSPAX TRANSPORTADORA LTDA;Porto Real;256212,44;1499892,8;1756105,24;-890149,76;865955,48;012;32061226;;;adm@aprisco.cnt.br;JOSE HAMILTON SOARES;12;32061226;Lucinea Ferreira de Lima;12;32061226;ETR PUBLICA S/N QUADRA X - LOTES 01 A 08;PARQUE MARIANA;59;Porto Real;RJ;;;;;;59;Porto Real;RJ;;;;;;;;;;;;;;;
86289989;="01703312000205";ABC CARGAS LTDA;Porto Real;1787235,79;-173917,55;1613318,24;-864596,89;748721,35;;;;;fiscal@abccargas.com;DANILO GUEDES;11;21998542;PAULO MARCELO CAROZZA;11;21998542;ETR PUBLICA S/N QUADRA C;PQ MARIANA;59;Porto Real;RJ;;;;;;59;Porto Real;RJ;;;;;;;;;;;;;;;
86833905;="04968037000169";DACUNHA NORDESTE TRANSPORTES LTDA;Porto Real;3657360,11;-1116420,56;2540939,55;-801451,74;1739487,81;031;30719583;;;csc.fiscal@sada.com.br;VITTORIO MEDIOLI;31;30710700;Denys Douglas Gon?alves;31;30710700;AVN RENATO MONTEIRO S/N KM 4800 SALA 5;Polo Industrial;59;Porto Real;RJ;;;;;;59;Porto Real;RJ;;;;;;;;;;;;;;;
77885030;="92644483001408";TRANSPORTES GABARDO LTDA;Porto Real;959789,57;-150908,97;808880,6;-635594,93;173285,67;;;;;gabardopreal.fat2@transgabardo.com.br;SERGIO MARIO GABARDO;0024;33543000;PAULO SERGIO DE SOUZA;0024;21093920;ETR RENATO MONTEIRO S/N ;TECNOPOLO AGROINDUSTRIAL;59;Porto Real;RJ;;;;;;59;Porto Real;RJ;;;;;;;;;;;;;;;
11479235;="10466983001777";REITER TRANSPORTES E LOGISTICA LTDA;Porto Real;0;572267,81;572267,81;-572267,81;0;024;33534045;;;michel.paiva@reiterlog.com;VINICIUS REITER PILZ;35;34356312;VERIDIANA DE ASSIS SOARES CRUZ;35;34356312;AVN RENATO MONTEIRO 8005 SALA:12;POLO URBO AGRO INDUSTRIAL;59;Porto Real;RJ;;;;;;59;Porto Real;RJ;;;;;;;;;;;;;;;
78738707;="10774640000102";GULI PIONEIRO COMERCIO DE PRODUTOS ALIMENTICIOS LTDA ME;Porto Real;5002826;975674,94;5978500,94;-481219,71;5497281,23;;;;;eloizefiscalpaschoal@gmail.com;MARIA DE FATIMA CAMPBELL FRANCO;024;33230706;LUCIA MARIA DE SOUZA DINIZ;024;33230706;AVN DOM PEDRO II 593 ;CENTRO;59;Porto Real;RJ;;;;;;59;Porto Real;RJ;;;;;;;;;;;;;;;
81330174;="02905110001957";GR SERVICOS E ALIMENTACAO LTDA;Porto Real;4201449,74;-913391,43;3288058,31;-413158,03;2874900,28;;;;;;;;;;;;;;;;;;;;;;;;;;;;;;;;;;;;;;;
86882566;="08680888001134";MSC MEDITERRANEAN LOGISTICA LTDA;Porto Real;513870,97;-71940,66;441930,31;-410616,31;31314;;;;;;;;;;;;;;;;;;;;;;;;;;;;;;;;;;;;;;;
86762544;="05612165000219";AUTO PEÇAS NASIGER EIRELI;Porto Real;3292177,11;-2203083,4;1089093,71;-387023,99;702069,72;024;33543906;;;guedesfiscal.contabilidade@gmail.com;ERLON AZOBERTE LIMA ALVES;24;33220986;FLAVIO MARCIO GUEDES DE OLIVEIRA;24;33220986;AVN RENATO MONTEIRO 1880 LOJA 01;NOVO HORIZONTE;59;Porto Real;RJ;;;;;;59;Porto Real;RJ;;;;;;;;;;;;;;;
87248992;="11423942000280";TTJB TRANSPORTES E LOGISTICA EIRELI;Porto Real;568702,96;177691,45;746394,41;-372614,56;373779,85;;;;;;;;;;;;;;;;;;;;;;;;;;;;;;;;;;;;;;;
86092085;="02421421000111";TIM S.A.;Porto Real;3354637,79;9560533,25;12915171,04;-344745,159999998;12570425,88;;;;;;;;;;;;;;;;;;;;;;;;;;;;;;;;;;;;;;;
86994178;="53237962003140";EMPRESA DE TRANSPORTES PAJUCARA LTDA;Porto Real;760598,97;368899,63;1129498,6;-304207,89;825290,71;;;;;;;;;;;;;;;;;;;;;;;;;;;;;;;;;;;;;;;
87014169;="01743404000804";FAVORITA TRANSPORTES LTDA;Porto Real;555056,98;39672,62;594729,6;-290654,81;304074,79;;;;;;;;;;;;;;;;;;;;;;;;;;;;;;;;;;;;;;;
76105502;="03419953000187";MARFRAN TRANSPORTES E LOGISTICA LTDA ME;Porto Real;1090175,66;-621235,96;468939,7;-287644,73;181294,97;;;;;;;;;;;;;;;;;;;;;;;;;;;;;;;;;;;;;;;
77120688;="19368927001006";EXPRESSO NEPOMUCENO SA;Porto Real;1487025,23;-1072375,17;414650,06;-280765,03;133885,03;;;;;;;;;;;;;;;;;;;;;;;;;;;;;;;;;;;;;;;
75434901;="32147829000108";MARCA AGOPECUARIA LTDA;Porto Real;0;268209,99;268209,99;-268209,99;0;024;33815116;024;33552368;mncontabil@,mcontabil.ocm.br;JOSE MARIA JARDIM ROCHA JUNIOR;24;33547257;MARCO ANTONIO AZEREDO E MELO;24;33547257;AVN H R PRITCHARD S/N SN PARTE VILA MARINA;BULHOES;59;Porto Real;RJ;;;;;;59;Porto Real;RJ;;;;;;;;;;;;;;;
85730169;="01114430000105";TRANSFUTURO TRANSPORTES LTDA;Porto Real;1279564,34;66062,8599999999;1345627,2;-255820,26;1089806,94;;;;;;;;;;;;;;;;;;;;;;;;;;;;;;;;;;;;;;;
84984388;="39759667000108";IRMAOS SOARES OLIVEIRA LTDA;Porto Real;229761,22;77095,71;306856,93;-213684,47;93172,46;024;33533538;024;99992360;;DIOMEDES SOARES DE OLIVEIRA;24;33531801;MIRTIS MARIA CAMPANHARO GALLON;24;33531801;AVN DOM PEDRO II S/N SN LTE A QDR 18;SAN FELIPPE;59;Porto Real;RJ;;;;;;59;Porto Real;RJ;;;;;;;;;;;;;;;
77422765;="05251648000154";MACROPO TRANSPORTES EIRELI;Porto Real;68775;176875;245650;-211250;34400;;;;;;;;;;;;;;;;;;;;;;;;;;;;;;;;;;;;;;;
79835862;="02351144003648";TEGMA GESTAO LOGISTICA S/A;Porto Real;448820,59;139962,23;588782,82;-201770,69;387012,13;;;;;fiscal@tegma.com.br;SANDRO PEIXO DA SILVA;011;43462500;SANDRO PEIXOTO DA SILVA;011;43462546;AVN RENATO MONTEIRO 9415 SALA 02;POLO URBO AGRO INDUSTRIAL;59;Porto Real;RJ;;;;;;59;Porto Real;RJ;;;;;;;;;;;;;;;
77959912;="07463749000114";WEIDNER DO BRASIL INDUSTRIA DE PRODUTOS PLASTICOS LTDA;Porto Real;195173,67;-3325,88;191847,79;-191847,79;0;024;33531806;024;33531806;LEGALIZAR@MSBASSESSORIACONTABIL.COM.BR;GILBERTO MOREIRA;024;33552368;Miguel Angelo de Campos Gon?alves;024;33230140;RUA ESTEVAM DOMINGOS PEDERASSI 722 PARTE;NOVA COLONIA;59;Porto Real;RJ;;;;;;59;Porto Real;RJ;;;;;;;;;;;;;;;
77452443;="02558157001487";TELEFONICA BRASIL S.A.;Porto Real;3021810,47;-166740,61;2855069,86;-185071,74;2669998,12;;;;;;;;;;;;;;;;;;;;;;;;;;;;;;;;;;;;;;;
81680469;="33000118000179";TELEMAR NORTE LESTE S/A EM RECUPERACAO JUDICIAL;Porto Real;1259010,48;-227811,67;1031198,81;-170209,75;860989,06;;;;;;;;;;;;;;;;;;;;;;;;;;;;;;;;;;;;;;;
72501349;="08018115702";DANIEL PEREIRA GONCALVES;Porto Real;69261,08;100102,89;169363,97;-169363,97;0;021;97287090;;;;DANIEL PEREIRA GON?ALVES;21;72870904;;;;ROD PRESIDENTE DUTRA, KM 295 FAZENDA PIQUETE;JARDIM DAS ACACIAS;59;Porto Real;RJ;;;;;;59;Porto Real;RJ;;;;;;;;;;;;;;;
77535950;="65271314000255";TWM TRANSPORTES ESPECIAIS LTDA;Porto Real;86831,36;199568,19;286399,55;-160592,36;125807,19;;;;;;;;;;;;;;;;;;;;;;;;;;;;;;;;;;;;;;;
79395595;="13725103000160";INTALOG LOGISTICA TRANSPORTES LTDA;Porto Real;721256,23;-565076,41;156179,82;-156179,82;0;;;;;;;;;;;;;;;;;;;;;;;;;;;;;;;;;;;;;;;
77712755;="06229098000563";VERIZON TELECOMUNICACOES DO BRASIL LTDA;Porto Real;107815,56;24141,56;131957,12;-131957,12;0;;;;;;;;;;;;;;;;;;;;;;;;;;;;;;;;;;;;;;;
82633421;="29291184000844";TRANSPORTES TONIATO LTDA;Porto Real;529297,44;-81045,7399999999;448251,7;-117500,53;330751,17;;;;;;;;;;;;;;;;;;;;;;;;;;;;;;;;;;;;;;;
79280178;="13114148000107";TRANSPAX ARMAZENS GERAIS LTDA;Porto Real;796826,53;-447002,5;349824,03;-107798,4;242025,63;012;32061226;;;adm@aprisco.cnt.br;HAROLDO LIRIO MEIRELES;12;32061226;Lucinea Ferreira de Lima;12;32061226;ETR PUBLICA 893 :AREA HOTEL;PARQUE MARIANA;59;Porto Real;RJ;;;;;;59;Porto Real;RJ;;;;;;;;;;;;;;;
78138220;="88668298003179";IRAPURU TRANSPORTES LTDA;Porto Real;245526,72;-46522,66;199004,06;-101543,69;97460,37;;;;;fiscal@irapuru.com.br;CELSON PELLENZ;54;21013300;NEVES DE SOUZA PINTO TOMASI;54;21013349;RUA FERNANDO BERNARDELLI 1637 QD. B SETOR A-POLO EMPRESARIAL;CENTRO;59;Porto Real;RJ;;;;;;59;Porto Real;RJ;;;;;;;;;;;;;;;
85874322;="03601681000131";AUTO POSTO REAL BEIRA RIO LTDA;Porto Real;1040038,85;221307,91;1261346,76;-98955,6300000001;1162391,13;024;33236659;024;33235783;fiscal.dec@edvaldocontabilidade.cnt.br;JAIME EDUARDO CARVALHO SIQUEIRA;024;33233497;EDVALDO RIGUEIRA RODRIGUES;024;33233497;AVN GERALDO RIBAS 1765 ;CENTRO;59;Porto Real;RJ;;;;;;59;Porto Real;RJ;;;;;;;;;;;;;;;
77523219;="03410650000101";NOVACOOPER- COOPERATIVA DOS MOTORISTAS AUTONOMOS DE RESENDE LTDA;Porto Real;273109;281233,57;554342,57;-96811,6099999999;457530,96;;;;;;;;;;;;;;;;;;;;;;;;;;;;;;;;;;;;;;;
78795590;="55753578000534";ADEMIR COMERCIO DE VEICULOS E TRANSPORTADORA LTDA;Porto Real;0;96686,63;96686,63;-96686,63;0;;;;;;;;;;;;;;;;;;;;;;;;;;;;;;;;;;;;;;;
82669949;="28372613000179";QUIMINVEST INDUSTRIA E COMERCIO LTDA;Porto Real;37166737,54;-10583732,47;26583005,07;-87103,7100000009;26495901,36;024;33230556;;;riatla@quiminvest.com.br;HERNAN MIGUEL QUIROGA;0024;33583250;RIATLA OLIVEIRA DA SILVA;0024;33583250;ROD PRESIDENTE DUTRA SN KM 296;Polo Industrial;59;Porto Real;RJ;;;;;;59;Porto Real;RJ;;;;;;;;;;;;;;;
77689630;="02427026002009";ALIANCA NAVEGACAO E LOGISTICA LTDA;Porto Real;143905,44;-72172,22;71733,22;-69122,19;2611,03;;;;;;;;;;;;;;;;;;;;;;;;;;;;;;;;;;;;;;;
87426912;="07381852002240";JPS FARMA LIMITADA;Porto Real;925498,12;147978,45;1073476,57;-62607,78;1010868,79;;;;;eduardo@rederetiro.com.br;POLLYANA DE OLIVEIRA SANTOS;24;33452200;Francis Muniz Rocha;24;33452200;AVN DOM PEDRO II 1070 LOJA FRACAO B;CENTRO;59;Porto Real;RJ;;;;;;59;Porto Real;RJ;;;;;;;;;;;;;;;
92002420;="00497373000110";SKY SERVICOS DE BANDA LARGA LTDA.;Porto Real;626450,68;-54468,3500000001;571982,33;-57189,78;514792,55;;;;;;;;;;;;;;;;;;;;;;;;;;;;;;;;;;;;;;;
77169261;="32492373002167";TRANSPORTE EXCELSIOR LTDA;Porto Real;91612,85;75585,72;167198,57;-54709,83;112488,74;;;;;;;;;;;;;;;;;;;;;;;;;;;;;;;;;;;;;;;
78224533;="05132549000153";S O DO BRASIL TELECOMUNICACOES LTDA EPP;Porto Real;168145,59;-17008,61;151136,98;-48372,84;102764,14;;;;;;;;;;;;;;;;;;;;;;;;;;;;;;;;;;;;;;;
78402687;="04884082000640";JADLOG LOGISTICA S.A.;Porto Real;41771,52;6531,45;48302,97;-48302,97;0;;;;;;;;;;;;;;;;;;;;;;;;;;;;;;;;;;;;;;;
79249386;="04070247000135";VIXGAS EIRELI;Porto Real;0;428146,4;428146,4;-46699,4;381447;;;;;;;;;;;;;;;;;;;;;;;;;;;;;;;;;;;;;;;
86913410;="49025695001470";JD COCENZO & CIA LTDA;Porto Real;139004,24;-93359,18;45645,06;-45645,06;0;;;;;;;;;;;;;;;;;;;;;;;;;;;;;;;;;;;;;;;
71603075;="49900560787";CASA GRANDE;Porto Real;0;44280;44280;-44280;0;024;33231139;;;;SINDICATO RURAL DE BARRA MANSA;24;33231139;;;;AVN DOM PEDRO SEGUNDO, S/N S/N ;PORTO REAL;59;Porto Real;RJ;;;;;;59;Porto Real;RJ;;;;;;;;;;;;;;;
83858664;="29108107000130";SOLAZER TRANSPORTES E TURISMO LTDA;Porto Real;826846,08;-768545,22;58300,86;-42931,53;15369,33;;;;;;;;;;;;;;;;;;;;;;;;;;;;;;;;;;;;;;;
86320053;="02445414000583";TRANSVIP TRANSPORTE DE VALORES E VIGILANCIA PATRIMONIAL LTDA;Porto Real;19335,58;22820,72;42156,3;-42156,3;0;;;;;;;;;;;;;;;;;;;;;;;;;;;;;;;;;;;;;;;
79082350;="12004913000165";THIBER SERVICOS INDUSTRIAIS EIRELI EPP;Porto Real;8065,6;32368,93;40434,53;-40434,53;0;024;33233497;;;;SELMA SOARES LANA;24;33233497;EDVALDO RIGUEIRA RODRIGUES;24;33233497;AVN A S/N QUADRA C  LOTE 07;Loteamento Industrial;59;Porto Real;RJ;;;;;;59;Porto Real;RJ;;;;;;;;;;;;;;;
86915162;="02465242000348";N S A BM TRANSPORTE E LOGISTICA LTDA EPP;Porto Real;85175,47;-47402,63;37772,84;-37771,7;1,14;;;;;;;;;;;;;;;;;;;;;;;;;;;;;;;;;;;;;;;
85730924;="25436130000283";AUTOSERVICE LOGISTICA LTDA;Porto Real;7807,74;36160,53;43968,27;-34896,97;9071,3;;;;;;;;;;;;;;;;;;;;;;;;;;;;;;;;;;;;;;;
83649569;="21562418000324";COOPERATIVA TRANSPORTADORA DE PETROLEO E DERIVADOS LTDA;Porto Real;0;34155,48;34155,48;-34155,48;0;;;;;;;;;;;;;;;;;;;;;;;;;;;;;;;;;;;;;;;
78387548;="09132659000176";EMBRATEL TVSAT TELECOMUNICACOES S A;Porto Real;116814,66;-10763,2;106051,46;-29169,59;76881,87;;;;;;;;;;;;;;;;;;;;;;;;;;;;;;;;;;;;;;;
11106935;="26586645000222";MRX TRANSPORTES LTDA;Porto Real;88564,85;-60994,85;27570;-27570;0;;;;;;;;;;;;;;;;;;;;;;;;;;;;;;;;;;;;;;;
82746978;="31045354000186";LATICINIOS PEDRA SELADA LTDA;Porto Real;150340,71;-36767,59;113573,12;-25051,89;88521,23;;;;;;;;;;;;;;;;;;;;;;;;;;;;;;;;;;;;;;;
78336820;="08964218000178";J S FERREIRA FRIGORIFICO LTDA;Porto Real;0;55158,4;55158,4;-18374,08;36784,32;;;;;;;;;;;;;;;;;;;;;;;;;;;;;;;;;;;;;;;
82628878;="28670958000109";VIACAO CIDADE DO ACO LTDA;Porto Real;21103,84;137,52;21241,36;-16772,36;4469;;;;;;;;;;;;;;;;;;;;;;;;;;;;;;;;;;;;;;;
78536870;="08875763000350";AUTOLOG TRANSPORTES LOGISTICA E ARMAZENAGEM EIRELI;Porto Real;0;15774,38;15774,38;-15774,38;0;;;;;;;;;;;;;;;;;;;;;;;;;;;;;;;;;;;;;;;
85390465;="17428731005609";PROSEGUR BRASIL S/A;Porto Real;148058,86;8736,39000000001;156795,25;-12858,27;143936,98;;;;;;;;;;;;;;;;;;;;;;;;;;;;;;;;;;;;;;;
86288125;="02042295000194";TRANS POLLI PORTO REAL TRANSPORTES LTDA;Porto Real;5720;3270;8990;-8990;0;;;;;;;;;;;;;;;;;;;;;;;;;;;;;;;;;;;;;;;
84511277;="40433401000150";BWA TRANSPORTES ESPECIALIZADOS LTDA;Porto Real;2554,74;6161,26;8716;-8716;0;;;;;;;;;;;;;;;;;;;;;;;;;;;;;;;;;;;;;;;
87302504;="26894228000166";BBN TRANSPORTES RODOVIARIOS LTDA;Porto Real;0;7400;7400;-7400;0;;;;;;;;;;;;;;;;;;;;;;;;;;;;;;;;;;;;;;;
76167605;="03662454000116";IPEOLEO COMERCIO DE COMBUSTIVEIS EIRELI;Porto Real;39490,56;28515,75;68006,31;-7228,46;60777,85;;;;;;;;;;;;;;;;;;;;;;;;;;;;;;;;;;;;;;;
71288269;="08775926830";GERSON TAVERNARI;Porto Real;0;22134;22134;-7134;15000;;;;;sindiresende65@gmail.com;SINDICATO RURAL DE RESENDE;24;33541730;;;;RUA JOSE DOS SANTOS S/N SN;JARDIM REAL;59;Porto Real;RJ;;;;;;59;Porto Real;RJ;;;;;;;;;;;;;;;
86939479;="46515946000515";NOVORUMO TRANSPORTES LTDA;Porto Real;0;6467,69;6467,69;-6282,24;185,45;;;;;;;;;;;;;;;;;;;;;;;;;;;;;;;;;;;;;;;
82754490;="42310177002005";TROPICAL TRANSPORTES IPIRANGA LTDA;Porto Real;0;7397,45;7397,45;-6278,49;1118,96;;;;;;;;;;;;;;;;;;;;;;;;;;;;;;;;;;;;;;;
11272630;="31495246000296";EMBALABRAS SISTEMAS DE EMBALAGENS EIRELI;Porto Real;0;6044,25;6044,25;-6044,25;0;024;33239217;;;CLEBERCONTABILIDADE@HOTMAIL.COM;DIOGO RAMALHO MACHADO;24;33239217;CLEBER SILVA ALVARENGA;24;33239217;AVN RENATO MONTEIRO 6901 ;POLO URBO AGRO INDUSTRIAL;59;Porto Real;RJ;;;;;;59;Porto Real;RJ;;;;;;;;;;;;;;;
84328596;="58581653000272";VITRASA TRANSPORTES LTDA;Porto Real;0;6000;6000;-6000;0;;;;;;;;;;;;;;;;;;;;;;;;;;;;;;;;;;;;;;;
86062895;="72843212000222";CENTURYLINK COMUNICAÇÕES DO BRASIL LTDA;Porto Real;15690,09;-299,48;15390,61;-5213,44;10177,17;;;;;;;;;;;;;;;;;;;;;;;;;;;;;;;;;;;;;;;
80530838;="29291184000178";TRANSPORTES TONIATO LTDA;Porto Real;13849,28;-7894;5955,28;-4040;1915,28;;;;;;;;;;;;;;;;;;;;;;;;;;;;;;;;;;;;;;;
92035956;="05206385000404";HUGHES TELECOMUNICACOES DO BRASIL LTDA.;Porto Real;12700,17;110,09;12810,26;-3579,38;9230,88;;;;;;;;;;;;;;;;;;;;;;;;;;;;;;;;;;;;;;;
87249417;="94001641000961";BRINGER DO BRASIL AGENCIAMENTO DE CARGAS NACIONAIS E INTERNACIONAIS LTDA EPP;Porto Real;0;4160,14;4160,14;-3194,76;965,38;;;;;;;;;;;;;;;;;;;;;;;;;;;;;;;;;;;;;;;
84702013;="43035146002129";PROTEGE SOCIEDADE ANONIMA PROTECAO E TRANSPORTE DE VALORES;Porto Real;44875,9;347,349999999999;45223,25;-3144,3;42078,95;;;;;;;;;;;;;;;;;;;;;;;;;;;;;;;;;;;;;;;
78956070;="10992167000210";METAR LOGISTICA LTDA;Porto Real;1421,27;3439,68;4860,95;-2685,61;2175,34;;;;;;;;;;;;;;;;;;;;;;;;;;;;;;;;;;;;;;;
79146641;="60960473001304";RODOGARCIA TRANSPORTES RODOVIARIOS LTDA;Porto Real;1950;633,33;2583,33;-2583,33;0;;;;;;;;;;;;;;;;;;;;;;;;;;;;;;;;;;;;;;;
79121320;="12186855000138";K LOG TRANSPORTES EIRELI;Porto Real;3026,61;72121,88;75148,49;-2495,29000000001;72653,2;;;;;;;;;;;;;;;;;;;;;;;;;;;;;;;;;;;;;;;
86115220;="02231030000134";GLOBALSTAR DO BRASIL LTDA;Porto Real;2246;26,1599999999999;2272,16;-2272,16;0;;;;;;;;;;;;;;;;;;;;;;;;;;;;;;;;;;;;;;;
78494506;="00634453000846";T S V TRANSPORTES RAPIDOS LTDA;Porto Real;802,74;1651,48;2454,22;-2255,57;198,65;;;;;;;;;;;;;;;;;;;;;;;;;;;;;;;;;;;;;;;
84511161;="28816270000194";DOCE RIO FRETAMENTO E TURISMO LTDA;Porto Real;0;1900;1900;-1900;0;;;;;;;;;;;;;;;;;;;;;;;;;;;;;;;;;;;;;;;
78107944;="04425426000229";RADIO E TELEVISAO MODELO PAULISTA;Porto Real;3028,42;1307,25;4335,67;-1868,97;2466,7;;;;;;;;;;;;;;;;;;;;;;;;;;;;;;;;;;;;;;;
84325767;="40160558000159";TRANSPORTE E TURISMO REAL BRASIL LTDA;Porto Real;0;1800;1800;-1800;0;;;;;;;;;;;;;;;;;;;;;;;;;;;;;;;;;;;;;;;
81613524;="34028316000294";EMPRESA BRASILEIRA DE CORREIOS E TELEGRAFOS;Porto Real;1404,14;5793,29;7197,43;-1760,65;5436,78;;;;;;;;;;;;;;;;;;;;;;;;;;;;;;;;;;;;;;;
79360651;="19451038003477";RODOVIARIO CAMILO DOS SANTOS FILHO LTDA;Porto Real;4071,55;-3015,15;1056,4;-1056,4;0;;;;;;;;;;;;;;;;;;;;;;;;;;;;;;;;;;;;;;;
84327565;="19451038000370";RODOVIARIO CAMILO DOS SANTOS FILHO LTDA;Porto Real;0;944,04;944,04;-863,83;80,21;;;;;;;;;;;;;;;;;;;;;;;;;;;;;;;;;;;;;;;
75586744;="57012098000548";TRANSLUTE TRANSPORTES RODOVIARIO LTDA;Porto Real;673,01;154,75;827,76;-823,38;4,38;;;;;;;;;;;;;;;;;;;;;;;;;;;;;;;;;;;;;;;
78290188;="01009876000242";FALKLAND TECNOLOGIA EM TELECOMUNICACOES S/A;Porto Real;6560,7;-5754,48;806,22;-806,22;0;;;;;;;;;;;;;;;;;;;;;;;;;;;;;;;;;;;;;;;
78361336;="08860184000414";AGUIA BRANCA ENCOMENDAS;Porto Real;401,33;396,94;798,27;-798,27;0;;;;;;;;;;;;;;;;;;;;;;;;;;;;;;;;;;;;;;;
86273004;="03113442000132";AGMSBS TRANSPORTES LTDA;Porto Real;0;718,81;718,81;-718,81;0;;;;;;;;;;;;;;;;;;;;;;;;;;;;;;;;;;;;;;;
87116760;="01125797002089";ATIVA DISTRIBUICAO E LOGISTICA LTDA;Porto Real;0;1074,92;1074,92;-676,42;398,5;;;;;;;;;;;;;;;;;;;;;;;;;;;;;;;;;;;;;;;
81923930;="29863420000426";EXPRESSO PREDILETO, TRANSPORTES, LOGISTICA E ARMAZENAGEM LTDA EPP;Porto Real;5769,85;-5210,47;559,38;-559,38;0;;;;;;;;;;;;;;;;;;;;;;;;;;;;;;;;;;;;;;;
11386431;="29080308000338";R&D CARGO TRANSPORTES LTDA;Porto Real;0;427,26;427,26;-427,26;0;;;;;;;;;;;;;;;;;;;;;;;;;;;;;;;;;;;;;;;
81853053;="17463456000271";PATRUS TRANSPORTES LTDA;Porto Real;792,41;423,49;1215,9;-423,9;792;;;;;;;;;;;;;;;;;;;;;;;;;;;;;;;;;;;;;;;
77485554;="44597524000420";TRANSPORTADORA CAPIVARI LTDA;Porto Real;527,28;-179,39;347,89;-347,89;0;;;;;;;;;;;;;;;;;;;;;;;;;;;;;;;;;;;;;;;
78344261;="08165642000233";GAT LOGISTICAS LTDA;Porto Real;0;305,27;305,27;-305,27;0;;;;;;;;;;;;;;;;;;;;;;;;;;;;;;;;;;;;;;;
77734686;="48740351003008";BRASPRESS TRANSPORTES URGENTES LTDA;Porto Real;287,19;16,75;303,94;-303,94;0;;;;;;;;;;;;;;;;;;;;;;;;;;;;;;;;;;;;;;;
86039397;="57012098000467";TRANSLUTE TRANSPORTES RODOVIARIO LTDA;Porto Real;0;272,88;272,88;-272,88;0;;;;;;;;;;;;;;;;;;;;;;;;;;;;;;;;;;;;;;;
75794134;="43244631002455";TRANSPORTADORA AMERICANA LTDA;Porto Real;430,66;31,3699999999999;462,03;-270,26;191,77;;;;;;;;;;;;;;;;;;;;;;;;;;;;;;;;;;;;;;;
77329145;="04927116000121";V B SILVA JUNIOR TRANSPORTES;Porto Real;244782,04;-242380,41;2401,63;-218,33;2183,3;;;;;;;;;;;;;;;;;;;;;;;;;;;;;;;;;;;;;;;
81258872;="87183570000738";TRANSPORTADORA MINUANO LTDA;Porto Real;0;281,81;281,81;-180,62;101,19;;;;;;;;;;;;;;;;;;;;;;;;;;;;;;;;;;;;;;;
86542072;="08062253000444";CAMBRIDGE TELECOMUNICACOES LTDA;Porto Real;1367,49;-1205,06;162,43;-162,43;0;;;;;;;;;;;;;;;;;;;;;;;;;;;;;;;;;;;;;;;
77421718;="01014373000508";AEROSOFT CARGAS AEREAS LTDA;Porto Real;0;104,49;104,49;-104,49;0;;;;;;;;;;;;;;;;;;;;;;;;;;;;;;;;;;;;;;;
79918768;="17636490000110";TMA TRANSPORTE LOTACAO E LOGISTICA LTDA;Porto Real;0;454,29;454,29;-101,58;352,71;;;;;;;;;;;;;;;;;;;;;;;;;;;;;;;;;;;;;;;
78419709;="09229680000194";MONTEIRO & NASCIMENTO TRANSPORTADORA LTDA EPP;Porto Real;0;901,45;901,45;-100,16;801,29;;;;;;;;;;;;;;;;;;;;;;;;;;;;;;;;;;;;;;;
81825017;="33337007000152";UTIL - UNIAO TRANSPORTE INTERESTADUAL DE LUXO LTDA;Porto Real;843,6;-757,55;86,05;-86,05;0;;;;;;;;;;;;;;;;;;;;;;;;;;;;;;;;;;;;;;;
77700501;="71208516017140";ALGAR TELECOM S A;Porto Real;85,81;100,63;186,44;-81,11;105,33;;;;;;;;;;;;;;;;;;;;;;;;;;;;;;;;;;;;;;;
86828383;="00497373002082";SKY SERVICOS DE BANDA LARGA LTDA.;Porto Real;30,95;43,65;74,6;-74,6;0;;;;;;;;;;;;;;;;;;;;;;;;;;;;;;;;;;;;;;;
77191097;="04020515000376";PONTOCOM SERVICES LTDA;Porto Real;0;47,49;47,49;-47,49;0;;;;;;;;;;;;;;;;;;;;;;;;;;;;;;;;;;;;;;;
78943742;="79942140002697";TRANSMAGNA TRANSPORTES EIRELI;Porto Real;0;16;16;-16;0;;;;;;;;;;;;;;;;;;;;;;;;;;;;;;;;;;;;;;;
76026831;="60664828007340";EMPRESA DE TRANSPORTES ATLAS LTDA;Porto Real;221,66;-213,35;8,31;-8,31;0;;;;;;;;;;;;;;;;;;;;;;;;;;;;;;;;;;;;;;;
83788658;="29453826000279";TRANSPORTE GENEROSO LTDA;Porto Real;0;2,13;2,13;-2,13;0;;;;;;;;;;;;;;;;;;;;;;;;;;;;;;;;;;;;;;;
79287415;="10982448000292";RODOLEVE TRANSPORTES LTDA ME;Porto Real;0,01;0,99;1;-1;0;;;;;;JOSE JOSNEI FERRENS;24;33531801;MIRTIS MARIA CAMPANHARO GALLON;24;33531801;AVN BRASIL 347 LOJA 02;VILLAGE;59;Porto Real;RJ;;;;;;59;Porto Real;RJ;;;;;;;;;;;;;;;
11015166;="07075810000318";ONCA LOCACAO E TURISMO LTDA EPP;Porto Real;0;0;0;0;0;024;33532656;;;fiscalercontabilidade@yahoo.com.br;NATASHA SILVEIRA MARTINEZ DE MORAIS;024;33532656;TIAGO SEGURASSE DA SILVA;024;33532656;RUA PROFESSORA DONA BETINA 2558 :AREA 01;CENTRO;59;Porto Real;RJ;;;;;;59;Porto Real;RJ;;;;;;;;;;;;;;;
11028446;="02357033000208";QUICKNET TELECOM LTDA EPP;Porto Real;0;0;0;0;0;024;33233497;;;fiscal.dec@edvaldocontabilidade.cnt.br;ADRIANA DE ALMEIDA RAGGI;24;33233497;EDVALDO RIGUEIRA RODRIGUES;24;33233497;AVN GERALDO RIBAS 1853 ;CENTRO;59;Porto Real;RJ;;;;;;59;Porto Real;RJ;;;;;;;;;;;;;;;
11146279;="03554137000500";STE TRANSPORTES S.A.;Porto Real;14127,42;-14127,42;0;0;0;;;;;;;;;;;;;;;;;;;;;;;;;;;;;;;;;;;;;;;
11173900;="25244915000254";TRANSBSM TRANSPORTE DO BRASIL LTDA;Porto Real;0;0;0;0;0;021;24385039;;;mario.lima-ext@gefco.net;PATRICK DANIEL BONALY;21;21038367;;;;AVN RENATO MONTEIRO. 6901 :PARTE;POLO URBO AGRO INDUSTRIAL;59;Porto Real;RJ;;;;;;59;Porto Real;RJ;;;;;;;;;;;;;;;
11176380;="24625925000277";GEFCO INDUSTRIA DO BRASIL LTDA;Porto Real;0;0;0;0;0;021;24385039;;;fiscal.brasil@gefco.com.br;PATRICK DANIEL BONALY;21;21038100;ELISETE NOGUEIRA MORAES CARDOSO;21;21038100;AVN RENATO MONTEIRO 6901 :PARTE;POLO URBO AGRO INDUSTRIAL;59;Porto Real;RJ;;;;;;59;Porto Real;RJ;;;;;;;;;;;;;;;
11185550;="27731568000139";EMPRESA JORNALISTICA A VOZ DO INTERIOR LTDA EPP;Porto Real;0;0;0;0;0;024;33432693;;;administracao@avozdacidade.com;LUCIANO RODRIGO PANCARDES;24;33262676;EDVALDO RIGUEIRA RODRIGUES;24;33233497;RUA MARIA JOSE DA COSTA CALDAS S/N :GALPAO;CENTRO;8;Barra Mansa;RJ;;;;;;8;Barra Mansa;RJ;;;;;;;;;;;;;;;
11323936;="32161677000106";COMERCIAL ALIMENTÍCIA PORTO REAL EIRELI;Porto Real;0;0;0;0;0;024;33534896;;;;ANIZIA BOZZA;24;99999999;ANIZIA BOZZA;24;99999999;RUA FERNANDO BERNARDELLI 673 SALA:103;CENTRO;59;Porto Real;RJ;;;;;;59;Porto Real;RJ;;;;;;;;;;;;;;;
11335233;="07973198000643";EUROLAF VEICULOS ESPECIAIS LTDA;Porto Real;0;0;0;0;0;024;99998486;;;;THIAGO ALMEIDA MORENO;024;33532318;HOUBER CORRADI;24;33532318;AVN RENATO MONTEIRO 6901 ;POLO URBO AGRO INDUSTRIAL;59;Porto Real;RJ;;;;;;59;Porto Real;RJ;;;;;;;;;;;;;;;
11370322;="14942369000209";JOSUE DE OLIVEIRA E CIA LTDA;Porto Real;0;0;0;0;0;035;99255051;;;CALCULUS.CONTABIL@YAHOO.COM.BR;JOSUE DE OLIVEIRA;24;33534896;FABIO RODOLFO NUNES;24;33534896;RUA 04. 64 LOJA:01,LOTE:45;IMPERIAL CENTER;59;Porto Real;RJ;;;;;;59;Porto Real;RJ;;;;;;;;;;;;;;;
11423590;="23890893000193";YOLE CLINICA MEDICA E DIVULGACAO CULTURAL LTDA ME;Porto Real;0;0;0;0;0;024;30282611;;;;IOLANDA EUNICE FRANCO MARINHO;24;30282611;RAFAEL SOARES;24;30282611;RUA 3 112 ;Loteamento Imperial Center;59;Porto Real;RJ;;;;;;59;Porto Real;RJ;;;;;;;;;;;;;;;
11430210;="04871022749";FIRCEM JOSE ZACARIAS;Porto Real;0;14000;14000;0;14000;024;33231139;;;;SINDICATO RURAL DE BARRA MANSA;24;33231139;;;;ETR ANTIGA FAZENDA DO PORTO S/N ;PORTO REAL;59;Porto Real;RJ;;;;;;59;Porto Real;RJ;;;;;;;;;;;;;;;
11486150;="22082397001384";DROGARIA ULTRAPOPULAR MANEJO LTDA ME;Porto Real;0;0;0;0;0;024;33481048;;;fiscal1@staritacontabilidade.com.br;MARINA APARECIDA DA SILVA DUARTE;24;33481048;SEBASTIAO CARLOS GAMA FILHO;24;33481048;AVN NILTON PENNA BOTELHO 287 ;SAO JORGE;56;Pinheiral;RJ;;;;;;56;Pinheiral;RJ;;;;;;;;;;;;;;;
11500528;="04968037000592";DACUNHA NORDESTE TRANSPORTES LTDA;Porto Real;0;0;0;0;0;031;98435712;;;csc.fiscal@sada.com.br;VITTORIO MEDIOLI;031;30719600;SOFIA ELLIN;031;30710700;AVN RENATO MONTEIRO 4800 SALA:3;POLO URBO AGRO INDUSTRIAL;59;Porto Real;RJ;;;;;;59;Porto Real;RJ;;;;;;;;;;;;;;;
11505732;="01672150000295";E.M.S. TRANSPORTES RODOVIARIO LTDA;Porto Real;0;0;0;0;0;011;39963120;;;FISCAL@ELLLO.COM.BR;ROBERTO MARQUES SODATTI DA SILVA;11;39963120;CINTIA DE VASCONCELOS SILVA;11;39963120;RUA 4 - IMPERIAL CENTER 64 LOJA 01, LOTE 45;LOTEAMENTO IMPERIAL CENTER;59;Porto Real;RJ;;;;;;59;Porto Real;RJ;;;;;;;;;;;;;;;
11539483;="33777159000176";QUATER DISTRIBUIDORA MATERIA PRIMA EIRELI;Porto Real;0;0;0;0;0;024;21093920;;;datacon@datacon.net.br;FABIO GOMES DA SILVA;24;33544551;JOSE ANANIAS MACHADO;24;33544551;RUA PROFESSORA DONA BETINA 250 SALA:02;CENTRO;59;Porto Real;RJ;;;;;;59;Porto Real;RJ;;;;;;;;;;;;;;;
11570283;="16597704754";RITA DE CASSIA MEDEIROS SILVA;Porto Real;0;0;0;0;0;024;99979724;;;SINDIRESENDE65@GMAIL.COM;SINDICATO RURAL DE RESENDE;24;33541466;;;;ETR DE BULHOES SN ;BULHOES;59;Porto Real;RJ;;;;;;59;Porto Real;RJ;;;;;;;;;;;;;;;
11627781;="35788734000161";CONSTRUTORA ELITE II SPE LTDA;Porto Real;0;0;0;0;0;024;33534896;;;CALCULUS.CONTABIL@YAHOO.COM.BR;EDUARDO RIBEIRO CHAVES;24;33534896;FABIO RODOLFO NUNES;24;33534896;RUA HILARIO ETTORE 353 SALA:04,:FRAÇÃO F4;CENTRO;59;Porto Real;RJ;;;;;;59;Porto Real;RJ;;;;;;;;;;;;;;;
11650830;="36115907000143";C.A.A CONSTRUTORA E INCORPORADORA SPE LTDA;Porto Real;0;0;0;0;0;024;33534896;;;CALCULUS.CONTABIL@YAHOO.COM.BR;AUGUSTO ALVES CAMPINHO;24;33534896;FABIO RODOLFO NUNES;24;33534896;;;59;Porto Real;RJ;;;;;;59;Porto Real;RJ;;;;;;;;;;;;;;;
11886620;="39696049000166";CONSTRUTORA ELITE"S SPE LTDA;Porto Real;0;0;0;0;0;024;33534896;;;CALCULUS.CONTABIL@YAHOO.COM.BR;EDUARDO RIBEIRO CHAVES;24;33534896;FABIO RODOLFO NUNES;24;33534896;;;59;Porto Real;RJ;;;;;;59;Porto Real;RJ;;;;;;;;;;;;;;;
11918131;="35606143001017";FASTLINE LOGISTICA AUTOMOTIVA LTDA;Porto Real;0;0;0;0;0;;;;;FISCAL@TEGMA.COM.BR;SANDRO PEIXO DA SILVA;011;43462500;SANDRO PEIXOTO DA SILVA;011;43462546;;;92;Volta Redonda;RJ;;;;;;92;Volta Redonda;RJ;;;;;;;;;;;;;;;
11935117;="00077932315700";ALBERTO PEDERASSI NETO;Porto Real;0;0;0;0;0;024;99831466;;;betocmpr@yahoo.com.br;Alberto Pederassi Neto;24;99852417;;;;;;59;Porto Real;RJ;;;;;;59;Porto Real;RJ;;;;;;;;;;;;;;;
71681580;="00753331713";PAULO SERGIO DA SILVA;Porto Real;0;0;0;0;0;;;;;biacontabil22@gmail.com;PAULO SERGIO DA SILVA;24;99300620;BEATRIZ DO ROSARIO ALMEIDA;24;99449585;ETR RESENDE-BULHOES S/N KM107 PX RUBERVACO;BULHOES;59;Porto Real;RJ;;;;;;59;Porto Real;RJ;;;;;;;;;;;;;;;
71695301;="08693285734";PAULO HENRIQUE PEREIRA;Porto Real;0;0;0;0;0;;;;;SINDIRESENDE65@GMAIL.COM;SINDICATO RURAL DE RESENDE;24;33541466;;;;FAZ DAS PALMEIRAS S/N SN;BULHOES;59;Porto Real;RJ;;;;;;59;Porto Real;RJ;;;;;;;;;;;;;;;
71695751;="31860060749";AFONSO COSTA DA CONCEICAO;Porto Real;0;0;0;0;0;024;99493808;;;sindiresende65@gmail.com;SINDICATO RURAL DE RESENDE;24;33541730;;;;ETR RESENDE BULHOES PROXIMO AO OLAMBIQUE FONTANEZI S/N ;BULHOES;59;Porto Real;RJ;;;;;;59;Porto Real;RJ;;;;;;;;;;;;;;;
71764478;="41235177734";OSVALDINO PAULO DA CUNHA CORDEIRO;Porto Real;90719;-90719;0;0;0;;;;;FISCAL3@RECONDATA.COM.BR;OSVALDINO PAULO DA CUNHA CORDEIRO.;024;33532505;CONDATA CONTABILIDADE LTDA.;24;33547606;ETR RESENDE PORTO REAL S/N S N;PORTO REAL;59;Porto Real;RJ;;;;;;59;Porto Real;RJ;;;;;;;;;;;;;;;
71782026;="25413660782";MAURILIO ETTORE;Porto Real;0;0;0;0;0;;;;;eliocontabil59@gmail.com;MAURILIO ETTORE;024;33532656;ELIO RODRIGUES DA SILVA JUNIOR;24;33532656;RUA PROFESSORA DONA BETINA S/N PX MATRIZ PORTO REAL;PORTO REAL;59;Porto Real;RJ;;;;;;59;Porto Real;RJ;;;;;;;;;;;;;;;
72073428;="07142665742";CARLOS ROBERTO DE CARVALHO;Porto Real;0;0;0;0;0;024;33231139;;;;CARLOS ROBERTO DE CARVALHO;24;33534045;;;;ETR FLORIANO -RIALTO KM 3 S/N ;FLORIANO;8;Barra Mansa;RJ;;;;;;8;Barra Mansa;RJ;;;;;;;;;;;;;;;
72079736;="71781684715";ANTONIO MARCIO RIBEIRO XAVIER;Porto Real;0;0;0;0;0;;;;;eliocontabil59@gmail.com;ANTONIO MARCIO RIBEIRO XAVIER;024;33532656;ELIO RODRIGUES DA SILVA JUNIOR;24;33532656;RUA ANDRE LUIS S/N ;PORTO REAL;59;Porto Real;RJ;;;;;;59;Porto Real;RJ;;;;;;;;;;;;;;;
72116461;="00755013760";ALAIDE FERNANDES;Porto Real;0;0;0;0;0;;;;;;ALAIDE FERNANDES;24;33233888;;;;AVN DOM PEDRO II S/N ;VILA REAL;59;Porto Real;RJ;;;;;;59;Porto Real;RJ;;;;;;;;;;;;;;;
72120957;="02861101725";CARMELITA DOS SANTOS;Porto Real;0;0;0;0;0;;;;;;CARMELITA DOS SANTOS;24;33233888;;;;RUA ANSELMO MARTINI S/N ;VILA REAL;59;Porto Real;RJ;;;;;;59;Porto Real;RJ;;;;;;;;;;;;;;;
72132467;="61332984720";LUIS FERNANDO MARQUES D ALMEIDA;Porto Real;0;0;0;0;0;;;;;;Luis Fernando Marques D Almeida;24;33233888;;;;ETR VOLTA DO MINHOCAO S/N ;VILA REAL;59;Porto Real;RJ;;;;;;59;Porto Real;RJ;;;;;;;;;;;;;;;
72138333;="02675399752";ANGELA MARIA ROCHA SILVA;Porto Real;0;0;0;0;0;;;;;;SINDICATO RURAL DE BARRA MANSA;24;33231139;;;;ETR ANTIGA ETR FLORIANO PORTO REAL S/N CAIXA POSTAL 89255;CENTRO;59;Porto Real;RJ;;;;;;59;Porto Real;RJ;;;;;;;;;;;;;;;
72191854;="74919946791";GERALDO OZORIO RODRIGUES GONCALVES;Porto Real;0;0;0;0;0;;;;;fiscal.dec@edvaldocontabilidade.cnt.br;GERALDO OZORIO R GON?ALVES;024;33233497;EDVALDO RIGUEIRA RODRIGUES;024;33233497;FAZ CAJUEIROS 317 ;PORTO REAL;59;Porto Real;RJ;;;;;;59;Porto Real;RJ;;;;;;;;;;;;;;;
72239776;="00629011761";ARTIDONIO LUCINDO FILHO;Porto Real;0;0;0;0;0;;;;;;ARTIDONIO LUCINDO FILHO;24;33233888;;;;ETR FLORIANO - PORTO REAL S/N VELHA;CENTRO;59;Porto Real;RJ;;;;;;59;Porto Real;RJ;;;;;;;;;;;;;;;
72334213;="00361406789";JORGE LUIZ SANTANA CHAVES;Porto Real;0;0;0;0;0;024;33815116;;;;JORGE LUIZ SANTANA CHAVES;24;33233888;;;;ETR RESENDE BULHOES S/N SEM COMPLEMENTO;BULHOES;59;Porto Real;RJ;;;;;;59;Porto Real;RJ;;;;;;;;;;;;;;;
72361296;="11648315771";ROSIANA DOS SANTOS MARASSI;Porto Real;0;0;0;0;0;024;33531672;;;;ROSIANA DOS SANTOS MARASSI;024;33233888;;;;RUA ANDRE LUIS 1520 ;CENTRO;59;Porto Real;RJ;;;;;;59;Porto Real;RJ;;;;;;;;;;;;;;;
72412761;="08509435740";LUCAS ORIOLI DE SOUZA;Porto Real;0;0;0;0;0;024;78348271;;;;LUCAS ORIOLI DE SOUZA;24;33420530;LUCAS ORIOLI DE SOUZA;24;33534063;RUA ANDRE LUIS S/N ;RURAL;59;Porto Real;RJ;;;;;;59;Porto Real;RJ;;;;;;;;;;;;;;;
72448391;="12391726724";LEANDRO LUIS TROCOLI;Porto Real;0;0;0;0;0;024;33531801;024;33534045;trocolileandro@gmail.com;LEANDRO LUIS TROCOLI;24;33551910;;;;ROD PRESIDENTE DUTRA S/N KM 291;CENTRO;59;Porto Real;RJ;;;;;;59;Porto Real;RJ;;;;;;;;;;;;;;;
72464915;="05165746712";RODRIGO JOSE DE ALVARENGA;Porto Real;0;0;0;0;0;024;33551522;024;33553507;;SINDICATO RURAL DE BARRA MANSA;24;33231139;;;;AVN BEIRA RIO S/N ;JARDIM PORTO REAL;59;Porto Real;RJ;;;;;;59;Porto Real;RJ;;;;;;;;;;;;;;;
72494873;="32178786715";ISAC SOARES DA COSTA;Porto Real;0;0;0;0;0;024;33556391;;;SINDIRESENDE65@GMAIL.COM;SINDICATO RURAL DE RESENDE;24;33541466;;;;ETR SITIO RENASCER PROXIMO A FAZENDA SANTA RITA S/N ;BULHOES;59;Porto Real;RJ;;;;;;59;Porto Real;RJ;;;;;;;;;;;;;;;
72510178;="92677720744";PAULO CESAR ALBARELO;Porto Real;0;0;0;0;0;024;33815113;;;sindiresende65@gmail.com;SINDICATO RURAL DE RESENDE;24;33541730;;;;AVN RENATO MONTEIRO S/N ;BAIRRO ETTORE;59;Porto Real;RJ;;;;;;59;Porto Real;RJ;;;;;;;;;;;;;;;
75819595;="03072077000165";PCI DO BRASIL INSTALACOES INDUSTRIAIS LTDA;Porto Real;0;0;0;0;0;031;98483689;;;cvenfiscal@stellantis.com;Juliana Campos Cancado;24;32088940;Juliana Campos Cancado;24;32088940;;;59;Porto Real;RJ;;;;;;59;Porto Real;RJ;;;;;;;;;;;;;;;
75849567;="19694199000476";TRANSREFER TRANSPORTE E LOGISTICA LTDA;Porto Real;148,81;-148,81;0;0;0;;;;;;;;;;;;;;;;;;;;;;;;;;;;;;;;;;;;;;;
75964129;="67405936000416";PEUGEOT CITROEN DO BRASIL AUTOMOVEIS LTDA;Porto Real;0;0;0;0;0;021;36874900;;;adriana.cassimiro@stellantis.com;LEONARDO ALVES FERNANDES DE OLIVEIRA;031;97161349;LEONARDO ALVES FERNANDES DE OLIVEIRA;031;97161349;AVN RENATO MONTEIRO 6901 SALA 10;POLO URBO AGRO INDUSTRIAL;59;Porto Real;RJ;;;;;;59;Porto Real;RJ;;;;;;;;;;;;;;;
77017488;="03077452000240";SUPRICEL LOGISTICA LTDA;Porto Real;8152;-8152;0;0;0;;;;;;;;;;;;;;;;;;;;;;;;;;;;;;;;;;;;;;;
77044442;="03094658000289";GEFCO LOGISTICA DO BRASIL LTDA;Porto Real;6422918,9;-6422918,9;0;0;0;;;;;;;;;;;;;;;;;;;;;;;;;;;;;;;;;;;;;;;
77071865;="03930702000162";ULTRANSPORTES TRANSPORTADORA LTDA;Porto Real;10,5;-10,5;0;0;0;;;;;;;;;;;;;;;;;;;;;;;;;;;;;;;;;;;;;;;
77076042;="03948646000193";EQUITRANS EQUIPAMENTOS TRANSPORTE E LOGISTICA LTDA;Porto Real;300;-300;0;0;0;;;;;;;;;;;;;;;;;;;;;;;;;;;;;;;;;;;;;;;
77089535;="36761633000402";SEM FURO TRANSPORTES LTDA;Porto Real;231,48;-231,48;0;0;0;;;;;;;;;;;;;;;;;;;;;;;;;;;;;;;;;;;;;;;
77126600;="62408703000534";MOPRI TRANSPORTE LTDA;Porto Real;69,62;-69,62;0;0;0;;;;;;;;;;;;;;;;;;;;;;;;;;;;;;;;;;;;;;;
77238182;="04206050004410";TIM CELULAR S/A;Porto Real;178714,18;-178714,18;0;0;0;;;;;;;;;;;;;;;;;;;;;;;;;;;;;;;;;;;;;;;
77257594;="32681371001144";VIX LOGISTICA S/A;Porto Real;0;0;0;0;0;;;;;contabilidade.log@aguiabranca.com.br;ANA SILVIA CALEGARI;027;21241404;NUBIA CARLA FREITAS SANTOS SOUZA;027;21251427;FAZ FAZENDINHA S/N A MARGEM ANT LIN FER;FAZENDINHA;59;Porto Real;RJ;;;;;;59;Porto Real;RJ;;;;;;;;;;;;;;;
77356584;="04965862000100";MG ENGENHARIA E CONSULTORIA EIRELI;Porto Real;0;0;0;0;0;024;97401845;;;anakelli@edvaldocontabilidade.cnt.br;JORGE ANTONIO BIOLCHINI JUSTO;24;33233497;EDVALDO RIGUEIRA RODRIGUES;24;33233497;AVN PRESIDENTE KENNEDY 1056 ;ANO BOM;8;Barra Mansa;RJ;;;;;;8;Barra Mansa;RJ;;;;;;;;;;;;;;;
77365117;="05014171000193";A D G DE JESUS TRANSPORTES LTDA;Porto Real;94877,42;-94877,42;0;0;0;;;;;;;;;;;;;;;;;;;;;;;;;;;;;;;;;;;;;;;
77368280;="60619202000571";MESSER GASES LTDA.;Porto Real;0;0;0;0;0;;;;;TAX.COMPLIANCE@MESSER-BR.COM;ADRIANA CARDOSO DE OLIVEIRA;11;21362733;ARMANDO PASCHOAL PACCHIONI JUNIOR;11;89050284;AVN RENATO MONTEIRO 7777 PARTE - AREA C;Fazenda Piquete;59;Porto Real;RJ;;;;;;59;Porto Real;RJ;;;;;;;;;;;;;;;
77440330;="04335814000138";S & A TRANSPORTES LTDA;Porto Real;1600;-1600;0;0;0;;;;;;;;;;;;;;;;;;;;;;;;;;;;;;;;;;;;;;;
77608060;="05828227000143";ARARIB? ENGENHARIA COM?RCIO E MEIO AMBIENTE LTDA ME;Porto Real;0;0;0;0;0;;;;;FISCALERCONTABILIDADE@YAHOO.COM.BR;ELIO RODRIGUES DA SILVA JUNIOR;024;33532656;ELIO RODRIGUES DA SILVA JUNIOR;024;33532656;;;59;Porto Real;RJ;;;;;;59;Porto Real;RJ;;;;;;;;;;;;;;;
77649328;="02836056004284";DHL LOGISTICS (BRAZIL) LTDA;Porto Real;63,68;-63,68;0;0;0;;;;;;;;;;;;;;;;;;;;;;;;;;;;;;;;;;;;;;;
77843655;="06992662000171";SANTA HELENA DE PORTO REAL INCORPORACAO IMOB E CONSTRUTORA LTDA;Porto Real;0;0;0;0;0;024;99979607;024;33532682;;MARIA DA CONCEICAO MACHADO SANTOS;24;33532682;;;;RUA JOAO DE BARRO 82 ;LOTEAMENTO BELA VISTA;59;Porto Real;RJ;;;;;;59;Porto Real;RJ;;;;;;;;;;;;;;;
77878734;="07212594000143";G MOR FABRICACAO COMERCIO E SERVICOS INDUSTRIAIS LTDA;Porto Real;7169,71;-7169,71;0;0;0;;;;;financeiro1@grupocarvalhomoreira.com.br;GILBERTO MOREIRA;24;33531811;VANIR VAZ TEIXEIRA;24;33420530;RUA ESTEVAM D PEDERASSI 722 ;NOVA COLONIA;59;Porto Real;RJ;;;;;;59;Porto Real;RJ;;;;;;;;;;;;;;;
77888020;="07268172000190";S MARASSI NETO AGROPECUARIA ME;Porto Real;0;0;0;0;0;;;;;FISCALERCONTABILIDADE@YAHOO.COM.BR;SILVIO MARASSI NETO;024;33532656;ELIO RODRIGUES DA SILVA JUNIOR;24;33532656;;;59;Porto Real;RJ;;;;;;59;Porto Real;RJ;;;;;;;;;;;;;;;
77924817;="07430035000100";BIOTA CONSTRUCOES SERVICOS E TRANSPORTES LTDA EPP;Porto Real;0;0;0;0;0;024;33221333;;;;BERNARDO GOMES GUIMARAES;24;33221333;EDUARDO COTRIM FERREIRA;011;96021333;AVN A 157 AREA 05;Polo Empresarial;59;Porto Real;RJ;;;;;;59;Porto Real;RJ;;;;;;;;;;;;;;;
78022159;="07617959000110";THT LOGISTICA TRANSPORTES LTDA;Porto Real;0;0;0;0;0;024;33531515;024;33532318;axcorradi@contaq.com.br;HAMILTON FERREIRA DOS SANTOS JUNIOR;24;33532318;ALEXANDRE CORRADI XAVIER;024;33532604;;;59;Porto Real;RJ;;;;;;59;Porto Real;RJ;;;;;;;;;;;;;;;
78118814;="05822091000245";RESTAURANTE TREM AZUL DE PENEDO LTDA ME;Porto Real;0;0;0;0;0;;;;;FISCALERCONTABILIDADE@YAHOO.COM.BR;ELIO RODRIGUES DA SILVA JUNIOR;024;33532656;ELIO RODRIGUES DA SILVA JUNIOR;24;33532656;;;59;Porto Real;RJ;;;;;;59;Porto Real;RJ;;;;;;;;;;;;;;;
78180277;="50351014001523";ITOGRASS AGRICOLA LTDA;Porto Real;0;0;0;0;0;;;;;sapaiocorrea@itograss.com.br;Roberto Garcia Leal;016;21021500;Pedro Donizeti Buranelli;016;37614842;;;59;Porto Real;RJ;;;;;;59;Porto Real;RJ;;;;;;;;;;;;;;;
78191066;="07257228000887";RODOPLAN TRANSPORTE E PRESTACAO DE SERVICOS EIRELI;Porto Real;163866,37;-163866,37;0;0;0;;;;;;;;;;;;;;;;;;;;;;;;;;;;;;;;;;;;;;;
78194367;="08168884000108";NOVA UNIAO LOGISTICA E TRANSPORTES LTDA;Porto Real;3800,82;-3800,82;0;0;0;;;;;;;;;;;;;;;;;;;;;;;;;;;;;;;;;;;;;;;
78258950;="08219203000690";DIRECIONAL TRANSPORTE E LOGISTICA S A;Porto Real;62,49;-62,49;0;0;0;;;;;;;;;;;;;;;;;;;;;;;;;;;;;;;;;;;;;;;
78569751;="10213625000195";COZINHA INDUSTRIAL FAZBEM LTDA ME;Porto Real;0;0;0;0;0;;;;;;MARLETE SANTOS;24;33227659;MARIA CRISTINA PEREPRA REIS DE CARVALHO;24;33227659;ETR FLORIANO/QUATIS 1757 PARTE;CENTRO;59;Porto Real;RJ;;;;;;59;Porto Real;RJ;;;;;;;;;;;;;;;
78579242;="19199348000269";SADA TRANSPORTES E ARMAZENAGENS S/A;Porto Real;4104,1;-4104,1;0;0;0;;;;;;;;;;;;;;;;;;;;;;;;;;;;;;;;;;;;;;;
78632020;="02696800000629";KENNAMETAL DO BRASIL LTDA;Porto Real;0;0;0;0;0;024;33587436;;;gabriel.merighi@kennametal.com;ROSEMBERG SIQUEIRA DE ARAUJO;19;39369236;Gabriel Barbosa Merighi;19;39369236;;;59;Porto Real;RJ;;;;;;59;Porto Real;RJ;;;;;;;;;;;;;;;
78659998;="59335976000753";PRIMESYS SOLUCOES EMPRESARIAIS S A;Porto Real;282058,1;-282058,1;0;0;0;;;;;;;;;;;;;;;;;;;;;;;;;;;;;;;;;;;;;;;
78676850;="09296295000321";AZUL LINHAS AEREAS BRASILEIRAS S A;Porto Real;801,59;-801,59;0;0;0;;;;;;;;;;;;;;;;;;;;;;;;;;;;;;;;;;;;;;;
78728051;="09598495000177";GRIFFE ANALISE TECNICA E MANUTENCAO AUTOMOTIVA LTDA ME;Porto Real;0;0;0;0;0;024;33534896;;;CALCULUS.CONTABIL@YAHOO.COM.BR;MARIANA APARECIDA ALVES GUIMARAES MARINELLI;24;33534896;FABIO RODOLFO NUNES;24;33534896;RUA SAO PAULO ANT 09 121 LOTE 00 QUADRA 18;VILLAGE;59;Porto Real;RJ;;;;;;59;Porto Real;RJ;;;;;;;;;;;;;;;
78839910;="04767210000160";TRANSPORTO TRANSPORTES LTDA;Porto Real;0;0;0;0;0;024;33551012;;;FISCALERCONTABILIDADE@YAHOO.COM.BR;MARIA ANGELIA PIMENTEL;24;33532656;ELIO RODRIGUES DA SILVA JUNIOR;24;33532656;;;59;Porto Real;RJ;;;;;;59;Porto Real;RJ;;;;;;;;;;;;;;;
78891777;="09662364000292";RONIFARIA COMERCIO VAREJISTA DE GAS LIQUEFEITO DE PETROLEO GLP LTDA ME;Porto Real;0;0;0;0;0;024;33609496;;;fiscal02-smpsjc@smpcontabilidade.com.br;SUELEN SOUZA GARCEZ FUZA;021;34032333;SINERI DE MELO PEREIRA;021;34032333;RUA HOSTILIO DE SOUZA 1081 :ANTIGO 1070,QUADRA:B-04,LOTE:02;VILA ITAPUCA;63;Resende;RJ;;;;;;63;Resende;RJ;;;;;;;;;;;;;;;
78998105;="04505306000231";CONCRETEIRA PP DE RESENDE LTDA;Porto Real;0;0;0;0;0;;;;;;GENTIL PEREIRA FONSECA;0000;;ALESSANDRA MARIA DA COSTA REZENDE;0024;33554555;RUA RENATO MONTEIRO 2551 ;NOVO HORIZONTE;59;Porto Real;RJ;;;;;;59;Porto Real;RJ;;;;;;;;;;;;;;;
79214043;="11755795000245";WM TRANSPORTADORA DE COMBUSTIVEL E CARGAS LTDA;Porto Real;1081,69;-1081,69;0;0;0;;;;;;;;;;;;;;;;;;;;;;;;;;;;;;;;;;;;;;;
79219541;="52548435009630";JSL S/A;Porto Real;99567,94;-99567,94;0;0;0;;;;;;;;;;;;;;;;;;;;;;;;;;;;;;;;;;;;;;;
79294144;="13205759000152";JLF BM TRANSPORTES LTDA ME;Porto Real;1059042,14;-1059042,14;0;0;0;;;;;;;;;;;;;;;;;;;;;;;;;;;;;;;;;;;;;;;
79317250;="13113988000147";AMS EMPREENDIMENTOS E INCORPORACOES EIRELI EPP;Porto Real;0;0;0;0;0;024;33233497;024;33233497;joaovitor@nsacontabilidade.com.br;GENESIO PAVAO DE OLIVEIRA;24;24472950;NSA CONTABILIDADE E ASSESSORIA TRIBUTARIA EIRELI;24;24472950;ETR PUBLICA 893 :AREA HOTEL;PARQUE MARIANA;59;Porto Real;RJ;;;;;;59;Porto Real;RJ;;;;;;;;;;;;;;;
79349186;="05999296000381";MTB-INTERNATIONAL LTDA;Porto Real;171020,18;-171020,18;0;0;0;;;;;;NORIVAL ANGELO SCARAMUSSA;24;33497200;LEVI CARVALHO CANELLA;24;30258700;AVN RENATO MONTEIRO S/N ;SITIO COLONIA;59;Porto Real;RJ;;;;;;59;Porto Real;RJ;;;;;;;;;;;;;;;
79374792;="13656859000103";RESTAURANTE CARVALHO&PINESCHI LTDA ME;Porto Real;0;0;0;0;0;024;33532364;;;isabela@mastermaxcontabilidade.com.br;CARLOS EDUARDO DE CARVALHO;24;33257650;ANDRE DOS REIS PEREIRA;24;33257650;ETR FLORIANO PORTO REAL 1757 ;CENTRO;59;Porto Real;RJ;;;;;;59;Porto Real;RJ;;;;;;;;;;;;;;;
79438073;="13993184000180";MINI-MERCADO GCNE LTDA;Porto Real;0;0;0;0;0;024;33545851;;;js.fiscal@jscontadores.com.br;GERALDO DA CUNHA;022;38338200;SILVIO LUIZ FONSECA DE AZEVEDO;022;38338229;RUA 41 132 QD 39, LT 24;PARQUE FREITAS SOARES;59;Porto Real;RJ;;;;;;59;Porto Real;RJ;;;;;;;;;;;;;;;
79451789;="14097258000162";MW COMERCIO E SERVICOS DE CONSTRUCOES LTDA-EPP;Porto Real;0;0;0;0;0;024;33534045;;;;CLAYTON DE OLIVEIRA NUNES;24;33531801;MIRTIS MARIA CAMPANHARO GALLON;24;33534045;RUA FERNANDO BERNARDELLI 1608 ;CENTRO;59;Porto Real;RJ;;;;;;59;Porto Real;RJ;;;;;;;;;;;;;;;
79577928;="02308873000515";FAURECIA EMISSIONS CONTROL TECHONOLOGIES DO BRASIL S A;Porto Real;854078,71;-854078,71;0;0;0;019;34464835;019;34464863;DL-BR-Cur-Tributario@faurecia.com;Fabricio Sbardeloto;41;40098734;Claudia Ploncoski S. de Lima;41;40098734;AVN RENATO MONTEIRO 5570 ;A;59;Porto Real;RJ;;;;;;59;Porto Real;RJ;;;;;;;;;;;;;;;
79582980;="78815958001280";JOSE OSVALDO DE OLIVEIRA EIRELI;Porto Real;140;-140;0;0;0;;;;;;;;;;;;;;;;;;;;;;;;;;;;;;;;;;;;;;;
79591483;="10831856000243";TFA - LOGISTICA LTDA - EPP;Porto Real;112607,5;-112607,5;0;0;0;;;;;;;;;;;;;;;;;;;;;;;;;;;;;;;;;;;;;;;
79611638;="12097576000106";LIXOLIMPO SUL FLUMINENSE LTDA;Porto Real;0;0;0;0;0;;;;;edvaldorodrigues@uol.com.br;J?LIO MARCIO JARDIM ROCHA;024;33233497;EDVALDO RIGUEIRA RODRIGUEZ;24;33233497;;;59;Porto Real;RJ;;;;;;59;Porto Real;RJ;;;;;;;;;;;;;;;
79619523;="15137700000108";FONSECA E ALMEIDA COMERCIO E SERVICOS LTDA ME;Porto Real;0;0;0;0;0;;;;;fiscal@mastermaxcontabilidade.com.br;MARCIA CRISTINA FONSECA PFAFF;24;33257650;ANDR? DOS REIS PEREIRA;24;33257650;;;59;Porto Real;RJ;;;;;;59;Porto Real;RJ;;;;;;;;;;;;;;;
79639990;="04605519000235";TRANS TRUCK LOGISTICA E TRANSPORTES LTDA;Porto Real;0,02;-0,02;0;0;0;;;;;;;;;;;;;;;;;;;;;;;;;;;;;;;;;;;;;;;
79661775;="15598081000140";RAIMUNDO OLIVEIRA BARNABE ME;Porto Real;0;0;0;0;0;024;33285067;024;33285067;rcpkrj@hotmail.com;RAIMUNDO OLIVEIRA BARNAB?;24;33230092;MONICA REGINA COIMBRA TEIXEIRA;24;33230249;RUA 8 SN QUADRA 26,LOTE 606;JARDIM DAS ACACIAS;59;Porto Real;RJ;;;;;;59;Porto Real;RJ;;;;;;;;;;;;;;;
79746428;="16783986000153";OLIVEIRA E GRACIANI PADARIA LTDA ME - ME;Porto Real;0;0;0;0;0;024;33548959;;;fiscal@vitoriacont.com.br;ROSIMERI OLIVEIRA SILVA PEREIRA;024;33548959;LUIS JOSE CANDIDO;024;33548959;RUA SAO FRANCISCO S/N LOTE 61 QUADRA 004;BAIRRO DE FATIMA;59;Porto Real;RJ;;;;;;59;Porto Real;RJ;;;;;;;;;;;;;;;
79788759;="00173639000179";M H S MACHADO COUTINHO ME;Porto Real;0;0;0;0;0;;;;;;;;;;;;RUA 15 20 ;PARQUE FREITAS SOARES;59;Porto Real;RJ;;;;;;59;Porto Real;RJ;;;;;;;;;;;;;;;
79852120;="09174577000780";BCUBE LOGISTIC LTDA;Porto Real;1191,88;-1191,88;0;0;0;;;;;;;;;;;;;;;;;;;;;;;;;;;;;;;;;;;;;;;
79953911;="18410271000180";EXPRESSO GIBB TRANSPORTES EIRELI;Porto Real;518,92;-518,92;0;0;0;;;;;;;;;;;;;;;;;;;;;;;;;;;;;;;;;;;;;;;
79969265;="02905110054724";GR SERVICOS E ALIMENTACAO LTDA;Porto Real;0;0;0;0;0;011;31077729;;;fiscalcorporativo@grsa.com.br;LUIZ ANTONIO AMARAL DUTRA;11;21353242;ALEXANDRE JOS? MOURA CORREIA;11;21353242;;;59;Porto Real;RJ;;;;;;59;Porto Real;RJ;;;;;;;;;;;;;;;
80593449;="31452667000159";SOCIEDADE AGRICOLA E INDUSTRIAL FONTANEZZI LTDA;Porto Real;0;0;0;0;0;024;33233497;;;edvaldorodrigues@uol.com.br;EDVALDO RIGUEIRA RODRIGUES;24;33233497;EDVALDO RIGUEIRA RODRIGUES;24;33233497;AVN H. R. PRITCHARD 210 PARTE,VILA MARINA;BULHOES;59;Porto Real;RJ;;;;;;59;Porto Real;RJ;;;;;;;;;;;;;;;
81832331;="43025774000503";RODOVIARIO BEDIN LTDA;Porto Real;1016,12;-1016,12;0;0;0;;;;;;;;;;;;;;;;;;;;;;;;;;;;;;;;;;;;;;;
82496904;="28120046000163";SHIP'S MOTEL LTDA;Porto Real;6100;-6100;0;0;0;024;33551522;;;;SERGIO CARREIRINHA TRA?A;24;33233796;DARLI OLIVEIRA DA SILVA;24;33233796;ROD PRESIDENTE DUTRA S/N SN KM 295;SEGUNDO DISTRITO;59;Porto Real;RJ;;;;;;59;Porto Real;RJ;;;;;;;;;;;;;;;
83790059;="76104397000719";TRANSPORTADORA SULISTA SA;Porto Real;27333,75;-27333,75;0;0;0;;;;;;;;;;;;;;;;;;;;;;;;;;;;;;;;;;;;;;;
83824840;="33542531000165";VIACAO SAMPAIO LTDA;Porto Real;40,27;-40,27;0;0;0;;;;;;;;;;;;;;;;;;;;;;;;;;;;;;;;;;;;;;;
84089478;="45199510000844";TRANSPORTADORA SOBERANA LTDA;Porto Real;95731,02;-95731,02;0;0;0;;;;;;;;;;;;;;;;;;;;;;;;;;;;;;;;;;;;;;;
84118036;="29813896000100";RADIO DIFUSORA PORTO REAL LTDA;Porto Real;0;0;0;0;0;024;33430773;;;exata.ctb@gmail.com;ELIZABETH TARQUINIO MONTEIRO DA COSTA;024;33535674;EXATA ASSESSORIA CONTABIL E EMPRESARIAL LTDA;24;33467739;AVN DOUTOR JEFFERSON GERALDO BRUNO 400 ;PARAISO II;63;Resende;RJ;;;;;;63;Resende;RJ;;;;;;;;;;;;;;;
84327093;="66199068000311";RAPIDO ALEM PARAIBA LTDA;Porto Real;148;-148;0;0;0;;;;;;;;;;;;;;;;;;;;;;;;;;;;;;;;;;;;;;;
84372021;="36510683000174";KATIA PINESCHI FERREIRA;Porto Real;0;0;0;0;0;;;;;FISCALERCONTABILIDADE@YAHOO.COM.BR;KATIA PINESCHI;24;33532656;ELIO RODRIGUES DA SILVA JUNIOR;24;33532656;;;59;Porto Real;RJ;;;;;;59;Porto Real;RJ;;;;;;;;;;;;;;;
85105507;="66199068000400";RAPIDO ALEM PARAIBA LTDA;Porto Real;312;-312;0;0;0;;;;;;;;;;;;;;;;;;;;;;;;;;;;;;;;;;;;;;;
85730533;="01089179000168";TTC LOGISTICA LTDA;Porto Real;125;-125;0;0;0;;;;;;;;;;;;;;;;;;;;;;;;;;;;;;;;;;;;;;;
85872974;="00806930000137";GERSON TAVERNARI - ME;Porto Real;0;0;0;0;0;;;;;fiscalercontabilidade@yahoo.com.br;Gerson Tavernari;024;33532656;ELIO RODRIGUES DA SILVA JUNIOR;024;33532656;RUA FERNANDO BERNADELLI S/N ;CENTRO;59;Porto Real;RJ;;;;;;59;Porto Real;RJ;;;;;;;;;;;;;;;
85873067;="01807781000193";NOEMIA GRACIANI TAVERNARI ME;Porto Real;0;0;0;0;0;;;;;FISCALERCONTABILIDADE@YAHOO.COM.BR;NOEMIA GRACIANI TAVERNARI;24;33532656;ELIO RODRIGUES DA SILVA JUNIOR;24;33532656;;;59;Porto Real;RJ;;;;;;59;Porto Real;RJ;;;;;;;;;;;;;;;
85873644;="02862471000134";ALESSANDRA REGINA DA SILVA;Porto Real;0;0;0;0;0;;;;;FISCALERCONTABILIDADE@YAHOO.COM.BR;ALESSANDRA REGINA DA SILVA;24;33532656;ELIO RODRIGUES DA SILVA JUNIOR;24;33532656;;;59;Porto Real;RJ;;;;;;59;Porto Real;RJ;;;;;;;;;;;;;;;
85873679;="02950179000173";LETICIA LUCINDA FRANCISCO ROCHA;Porto Real;0;0;0;0;0;;;;;FISCALERCONTABILIDADE@YAHOO.COM.BR;ELIO RODRIGUES DA SILVA JUNIOR;024;33532656;ELIO RODRIGUES DA SILVA JUNIOR;24;33532656;;;59;Porto Real;RJ;;;;;;59;Porto Real;RJ;;;;;;;;;;;;;;;
85873830;="03128702000143";CERAMICA ARCO ROMANO LTDA - EPP;Porto Real;885008,69;-885008,69;0;0;0;024;99979607;;;;EDUARDO LUIZ DE SOUZA SANTOS;0000;;CONTADOR DA EMPRESA EXEMPLO;0048;34610000;AVN DOM PEDRO II 1654 ;CENTRO;59;Porto Real;RJ;;;;;;59;Porto Real;RJ;;;;;;;;;;;;;;;
85874012;="03463089000110";AGROPECUARIA DULEITE LTDA;Porto Real;0;0;0;0;0;;;;;QUIMREAL210@GMAIL.COM;JULIO MARCIO JARDIM ROCHA;024;33815017;;;;;;59;Porto Real;RJ;;;;;;59;Porto Real;RJ;;;;;;;;;;;;;;;
85874020;="03129227000120";ASSOCIACAO DOS PEQUENOS PRODUTORES RURAIS DE PORTO REAL;Porto Real;0;0;0;0;0;;;;;fiscalercontabilidade@yahoo.com.br;SILVIO MARASSI NETO;024;33532656;ELIO RODRIGUES DA SILVA JUNIOR;24;33532656;;;59;Porto Real;RJ;;;;;;59;Porto Real;RJ;;;;;;;;;;;;;;;
85874438;="04265390000182";REAL FLEX COMERCIO E SERVICOS EIRELI ME;Porto Real;0;0;0;0;0;;;;;;JANE SANDRE ALVES GOMES;24;33531801;MIRTIS MARIA CAMPANHARO GALLON;24;33531801;RUA TURIM S/N LOTE 17 QUADRA 57;COLINAS DE PORTO REAL;59;Porto Real;RJ;;;;;;59;Porto Real;RJ;;;;;;;;;;;;;;;
85995634;="01486029000198";AVB 2004 TRANSPORTES LTDA;Porto Real;339183,4;-339183,4;0;0;0;;;;;;;;;;;;;;;;;;;;;;;;;;;;;;;;;;;;;;;
86203588;="02173234000166";AN DE AMORIM MERCEARIA LTDA ME;Porto Real;0;0;0;0;0;024;33531873;;;valcirozorio@gmail.com;ADRIANA LOUBACK DE AMORIM ALMEIDA;24;74041571;VALCIR OZORIO DOS SANTOS;24;74041571;RUA 19 1040 A F SOARES POR R 1040 A F;PORTO REAL;59;Porto Real;RJ;;;;;;59;Porto Real;RJ;;;;;;;;;;;;;;;
86509938;="18730955000160";RENATA CONSTRUCOES LTDA ME;Porto Real;0;0;0;0;0;024;33814895;;;;RENATA MARIA VIVIANE;024;33492101;MARCIA MARINATTO MONTEIRO PEDROSO;24;33492101;RUA 4 670 SALA 01;LOTEAMENTO IMPERIAL CENTER;59;Porto Real;RJ;;;;;;59;Porto Real;RJ;;;;;;;;;;;;;;;
86566877;="19223780000167";LLF MATHIAS VIAS DE TRANSPORTES RODOVI?RIOS EIRELI;Porto Real;55,95;-55,95;0;0;0;;;;;;;;;;;;;;;;;;;;;;;;;;;;;;;;;;;;;;;
86583704;="19224751000110";TNC CONSTRUTORA EIRELI;Porto Real;0;0;0;0;0;024;33534896;;;;DAWIS COSTA TULLER FERREIRA;0000;;FABIO RODOLFO NUNES;0024;33534896;;;59;Porto Real;RJ;;;;;;59;Porto Real;RJ;;;;;;;;;;;;;;;
86589710;="12116971000857";TIMBRO COMERCIO EXTERIOR LTDA;Porto Real;383798,16;-383798,16;0;0;0;;;;;fiscal@timbrotrading.com;BRUNO COLONNA ROMANO RUSSO;11;43022100;VANDERLEI MEIRA MATIAS;21;98315112;ETR PUBLICA S/N QUADRA: X, LOTE: 004, PARTE;PARQUE MARIANA;59;Porto Real;RJ;;;;;;59;Porto Real;RJ;;;;;;;;;;;;;;;
86755823;="00193687000803";TROCA TRANSPORTES EIRELI;Porto Real;259,19;-259,19;0;0;0;;;;;;;;;;;;;;;;;;;;;;;;;;;;;;;;;;;;;;;
86789736;="39207915000108";REAL SUL LOCAÇÃO E TRANSPORTES EIRELI;Porto Real;0;0;0;0;0;024;33267872;;;;RONALDO VIGORITO;24;33539999;;;;AVN A 178 ;POLO INDUSTRIAL;59;Porto Real;RJ;;;;;;59;Porto Real;RJ;;;;;;;;;;;;;;;
86850036;="21616620000120";SANTOS E DUTRA MERCEARIA LTDA ME;Porto Real;0;0;0;0;0;024;33551729;;;;ANDRE DUTRA BRASILEIRO;24;33551729;RAQUEL GREGORIO NOGUEIRA;24;33551729;AVN H R PRITCHARD 635 LOJA;Vila Marina Bulhoes;59;Porto Real;RJ;;;;;;59;Porto Real;RJ;;;;;;;;;;;;;;;
86858363;="10418979000257";I-WAP TRANSPORTE LTDA - EPP;Porto Real;438,91;-438,91;0;0;0;;;;;;;;;;;;;;;;;;;;;;;;;;;;;;;;;;;;;;;
86864541;="03550974000560";SANTA MARIA COMERCIO E RECICLAGEM DE RESIDUOS INDUSTRIAIS LTDA;Porto Real;0;0;0;0;0;031;37746187;;;ivetefisc@contabilidadeltda.com.br;MARIA CHEQUER COELHO PEREIRA;31;32358700;TOBIAS FERREIRA DOS SANTOS;31;32358700;AVN RENATO MONTEIRO 6901 E 6200 PARTE AREA PC I POLO URBNO AGRO I;POLO URBO AGRO INDUSTRIAL;59;Porto Real;RJ;;;;;;59;Porto Real;RJ;;;;;;;;;;;;;;;
86869942;="21781793000101";TANIA MARIA DELFINO RESTAURANTE ME;Porto Real;0;0;0;0;0;;;;;calculus.contabil@yahoo.com.br;TANIA MARIA DELFINO;24;33534896;;;;RUA PROFESSORA DONA BETINA 602 LOJA 02 FRACAO N E LOJA 03 FRACAO O;CENTRO;59;Porto Real;RJ;;;;;;59;Porto Real;RJ;;;;;;;;;;;;;;;
86900009;="13819517000159";BR SERVICOS DE FRETAMENTO LTDA - ME;Porto Real;0;0;0;0;0;024;33532318;024;33533335;;AM?LIA FERNANDA BRANCO DO VAL;024;33532318;HOUBER CORRADI;24;33532318;RUA RIO DE JANEIRO S/N LOTE 07;JARDIM SAO JOSE;59;Porto Real;RJ;;;;;;59;Porto Real;RJ;;;;;;;;;;;;;;;
86939541;="61036141000582";ISRINGHAUSEN INDUSTRIAL LTDA;Porto Real;0;0;0;0;0;011;40939413;;;;Cezar Augusto Cristino Maioral;011;40939310;Daniel de Lima Teixeira;011;40939413;ETR PUBLICA MUNICIPAL 1495 ;POLO URBANO AGRO INDUSTRIAL;59;Porto Real;RJ;;;;;;59;Porto Real;RJ;;;;;;;;;;;;;;;
86949423;="02964147001956";PACIFICO LOG LOGISTICA E TRANSPORTES EIRELI;Porto Real;243,39;-243,39;0;0;0;;;;;;;;;;;;;;;;;;;;;;;;;;;;;;;;;;;;;;;
86990415;="67405936001730";PEUGEOT CITROEN DO BRASIL AUTOMOVEIS LTDA;Porto Real;0;0;0;0;0;011;29354842;;;cvenfiscal@stellantis.com;LEONARDO ALVES FERNANDES DE OLIVEIRA;031;97161349;LEONARDO ALVES FERNANDES DE OLIVEIRA;031;97161349;AVN RENATO MONTEIRO 6901 E 6200 PARTE, SALA 04;POLO URBO AGRO INDUSTRIAL;59;Porto Real;RJ;;;;;;59;Porto Real;RJ;;;;;;;;;;;;;;;
86999412;="01487509000254";TRANSPORTES MUNHOZ & MUNHOZ LTDA - EPP;Porto Real;0;0;0;0;0;024;33532318;024;33533335;;MAUR?CIO MUNHOZ;11;43468880;ROSANA ANDR?IA SERIZAWA;11;43468880;;;59;Porto Real;RJ;;;;;;59;Porto Real;RJ;;;;;;;;;;;;;;;
86999447;="22499482000109";DOUGLAS SANTOS SILVA TRANSPORTES EIRELI - ME;Porto Real;0;0;0;0;0;024;33532318;024;33533335;;DOUGLAS SANTOS SILVA;11;43468880;PAULO ROBERTO SERIZAWA;11;43468880;;;59;Porto Real;RJ;;;;;;59;Porto Real;RJ;;;;;;;;;;;;;;;
86999455;="07827837000239";DUCOR DEI TRANSPORTES RODOVIARIO LTDA - ME;Porto Real;0;0;0;0;0;024;33532318;024;33533335;;SOLANGE APARECIDA DE ANDRADE SENNA;11;43468880;ROSANA ANDR?IA SERIZAWA;11;43468880;;;59;Porto Real;RJ;;;;;;59;Porto Real;RJ;;;;;;;;;;;;;;;
86999463;="02730875000255";TRANSGUIMA LTDA - EPP;Porto Real;0;0;0;0;0;024;33532318;024;33533335;;MARIA JOS? RAMOS PFEIFER;11;43468880;ROSANA ANDR?IA SERIZAWA;11;43468880;;;59;Porto Real;RJ;;;;;;59;Porto Real;RJ;;;;;;;;;;;;;;;
86999552;="01424847000247";ROTIVOIAC TRANSPORTES LTDA - EPP;Porto Real;0;0;0;0;0;024;33532318;024;33533335;;LENILSON ARAUJO DOS SANTOS;11;43468880;PAULO ROBERTO SERIZAWA;11;43468880;;;59;Porto Real;RJ;;;;;;59;Porto Real;RJ;;;;;;;;;;;;;;;
86999617;="21418273000201";NOSSA SENHORA DO CARMO TRANSPORTES EIRELI;Porto Real;0;0;0;0;0;024;33532318;024;33533335;FISCAL@ELLLO.COM.BR;VANESSA SANTOS SILVA;11;39963120;CINTIA DE VASCONCELOS SILVA;11;39963120;RUA 4 64 LOJA 1 LOTE 45;Loteamento Imperial;59;Porto Real;RJ;;;;;;59;Porto Real;RJ;;;;;;;;;;;;;;;
87001687;="05114551000280";LUIZ TAKAO YAMASAKI TRANSPORTES - EPP;Porto Real;0;0;0;0;0;024;33532318;024;33533335;;LUIZ TAKAO YAMASAKI;11;43468880;ROSANA ANDR?IA SERIZAWA;11;43468880;RUA 04 - IMPERIAL CENTER 64 LOJA:01, LOTE:45;LOTEAMENTO IMPERIAL CENTER;59;Porto Real;RJ;;;;;;59;Porto Real;RJ;;;;;;;;;;;;;;;
87001695;="02261648000228";ADILSON ROBERTO BENTO TRANSPORTES - EPP;Porto Real;0;0;0;0;0;024;33532318;024;33533335;;ADILSON ROBERTO BENTO;11;43468880;PAULO ROBERTO SERIZAWA;11;43468880;;;59;Porto Real;RJ;;;;;;59;Porto Real;RJ;;;;;;;;;;;;;;;
87001709;="03043192000292";TRANS CREPALDI TRANSPORTES RODOVIARIO LTDA - ME;Porto Real;0;0;0;0;0;024;33532318;024;33533335;;NILSON CREPALDI;11;43468880;ROSANA ANDR?IA SERIZAWA;11;43468880;;;59;Porto Real;RJ;;;;;;59;Porto Real;RJ;;;;;;;;;;;;;;;
87012930;="00608044000280";TREIS TRANSPORTES RODOVIARIOS LTDA - EPP;Porto Real;0;0;0;0;0;024;33532318;024;33533335;;ANTONIO DE SOUZA OLIVEIRA;11;43468880;PAULO ROBERTO SERIZAWA;11;43468880;;;59;Porto Real;RJ;;;;;;59;Porto Real;RJ;;;;;;;;;;;;;;;
87059910;="23749250000124";SUELLEN CARRIJO DE ALMEIDA COMERCIO DE GLP;Porto Real;168020,12;-168020,12;0;0;0;024;33485060;;;;SUELLEN CARRIJO DE ALMEIDA;24;33485060;JOS? FRANCISCO CASSAVARA;24;33485060;AVN DOM PEDRO II S/N LOTE 07 - QD 12;VILLAGE PORTO REAL;59;Porto Real;RJ;;;;;;59;Porto Real;RJ;;;;;;;;;;;;;;;
87067378;="00789764000299";PASQUALINI TRANSPORTES LTDA - EPP;Porto Real;0;0;0;0;0;024;33532318;024;33533335;;JOS? E.;11;43468880;ROSANA ANDR?IA SERIZAWA;11;43468880;RUA 04 - IMPERIAL CENTER 64 LOJA:01, LOTE:45;LOTEAMENTO IMPERIAL CENTER;59;Porto Real;RJ;;;;;;59;Porto Real;RJ;;;;;;;;;;;;;;;
87069567;="00687130000225";TRANSCARMO TRANSPORTES LTDA - EPP;Porto Real;0;0;0;0;0;024;33532318;024;33533335;;DIMAS LOPES DO CARMO;11;43468880;ROSANA ANDR?IA SERIZAWA;11;43468880;;;59;Porto Real;RJ;;;;;;59;Porto Real;RJ;;;;;;;;;;;;;;;
87069583;="56287527000284";TRANSQUINCAS TRANSPORTES RODOVIARIO LTDA - EPP;Porto Real;0;0;0;0;0;024;33532318;024;33533335;;JOAQUIM DE SOUZA NETO;11;43468880;PAULO ROBERTO SERIZAWA;11;43468880;;;59;Porto Real;RJ;;;;;;59;Porto Real;RJ;;;;;;;;;;;;;;;
87094570;="92023043000615";EXPRESSO VALE REAL LTDA;Porto Real;0;0;0;0;0;054;29923490;054;21013349;fiscal@evrlog.com.br;CARMEN LUCIA GRIEBELER PELLENZ;54;30223300;MARCO AURELIO FLORES BOLZAN;54;30223316;RUA FERNANDO BERNARDELLI 1637 QD.B,LT.1,AR.1,SL.A,PLO.EMPRESARIAL;POLO INDUSTRIAL;59;Porto Real;RJ;;;;;;59;Porto Real;RJ;;;;;;;;;;;;;;;
87156109;="03204114000222";TRANS-TAVARES TRANSPORTES RODOVIARIO LTDA - EPP;Porto Real;0;0;0;0;0;024;33532318;024;33533335;;F?BIO TAVARES DE SOUSA;11;43468880;ROSANA ANDR?IA SERIZAWA;11;43468880;;;59;Porto Real;RJ;;;;;;59;Porto Real;RJ;;;;;;;;;;;;;;;
87160084;="24980727000140";GRACA AUXILIADORA BARBOSA GONCALVES;Porto Real;0;0;0;0;0;024;33532318;024;33533335;diretoria@contaq.com.br;GRA?A AUXILIADORA BARBOSA GON?ALVES;024;33532318;HOUBER CORRADI;24;33532318;RUA RIO DE JANEIRO S/N LOTE 07;JARDIM SAO JOSE;59;Porto Real;RJ;;;;;;59;Porto Real;RJ;;;;;;;;;;;;;;;
87198120;="23349580000475";LOTUS LOGISTICA INTEGRADA LTDA;Porto Real;295,88;-295,88;0;0;0;;;;;;;;;;;;;;;;;;;;;;;;;;;;;;;;;;;;;;;
87231607;="23429671000763";3PL BRASIL LOGISTICA S A;Porto Real;5122,33;-5122,33;0;0;0;;;;;;;;;;;;;;;;;;;;;;;;;;;;;;;;;;;;;;;
87270580;="09504931000282";QUIMEX LOGISTICA E TRANSPORTE LTDA EPP;Porto Real;0;0;0;0;0;011;38769272;;;ronaldo@quimexlog.com;EDIVALDO LISBOA DE CASTRO;0000;;FERNANDO JOSE DA SILVA SOUZA;0024;98829217;ROD PRESIDENTE DUTRA S/N KM 296.2 PARTE;POLO URBANO AGRO INDUSTRIAL;59;Porto Real;RJ;;;;;;59;Porto Real;RJ;;;;;;;;;;;;;;;
87303411;="26982666000186";REALL FLEX LONGEVIDADE E SAUDE LTDA;Porto Real;0;0;0;0;0;024;99610665;;;fiscal@vitoriacont.com.br;ANA CARLA PIMENTA DE PAULO TEIXEIRA;024;33548959;LUIS JOSE CANDIDO;024;33548959;RUA PROJETADA - UBALDINO GRACIANI 509 CASA 16;VILLA ROMANA;59;Porto Real;RJ;;;;;;59;Porto Real;RJ;;;;;;;;;;;;;;;
87347583;="00532022000283";KRAFTPACK EMBALAGENS LTDA;Porto Real;0;0;0;0;0;011;26937439;;;NILDA@NSCONTABIL.COM.BR;CLINEO KOSHIRO SAMBUICHI;011;26928581;MARIA ELENILDA SANTOS SOUZA;11;26928581;;;59;Porto Real;RJ;;;;;;59;Porto Real;RJ;;;;;;;;;;;;;;;
87467708;="13786475000288";TRANS ARISTEU TRANSPORTES RODOVIARIOS LTDA - EPP;Porto Real;0;0;0;0;0;011;39963120;;;FISCAL@ELLLO.COM.BR;JOSE CAVALCANTE DA SILVA;11;39963120;CINTIA DE VASCONCELOS SILVA;11;39963120;RUA 04 - IMPERIAL CENTER 64 LOJA: 01, LOTE: 45;LOTEAMENTO IMPERIAL CENTER;59;Porto Real;RJ;;;;;;59;Porto Real;RJ;;;;;;;;;;;;;;;
84089109;="17191172000516";EMPRESA DE TRANSPORTES MARTINS LTDA;Porto Real;0;510,05;510,05;1,20999999999998;511,26;;;;;;;;;;;;;;;;;;;;;;;;;;;;;;;;;;;;;;;
79345091;="48740351012252";BRASPRESS TRANSPORTES URGENTES LTDA;Porto Real;715,64;-225,52;490,12;4,24000000000001;494,36;;;;;;;;;;;;;;;;;;;;;;;;;;;;;;;;;;;;;;;
84701254;="17689837000273";IBOR TRANSPORTE RODOVIARIO LTDA;Porto Real;0;0;0;11,36;11,36;;;;;;;;;;;;;;;;;;;;;;;;;;;;;;;;;;;;;;;
79111678;="60157377000504";TRANS WELL S EXPRESSO RODOVIARIO EIRELI;Porto Real;0;94,91;94,91;43,6;138,51;;;;;;;;;;;;;;;;;;;;;;;;;;;;;;;;;;;;;;;
83119470;="44191880000287";TRANSPORTADORA AJOFER LTDA;Porto Real;764,82;-318,43;446,39;65,18;511,57;;;;;;;;;;;;;;;;;;;;;;;;;;;;;;;;;;;;;;;
87354741;="89823918003755";TRANSPORTES TRANSLOVATO LTDA;Porto Real;0;0;0;69,34;69,34;;;;;;;;;;;;;;;;;;;;;;;;;;;;;;;;;;;;;;;
85454684;="81800849001032";COTRESC COOPERATIVA DE TRANSPORTE DE CARGAS DO ESTADO DE SC LTDA;Porto Real;0;2832,88;2832,88;75,02;2907,9;;;;;;;;;;;;;;;;;;;;;;;;;;;;;;;;;;;;;;;
79158836;="12445480000183";BARRA LOG TRANSPORTES LTDA M E;Porto Real;0;0;0;81,62;81,62;;;;;;;;;;;;;;;;;;;;;;;;;;;;;;;;;;;;;;;
77836349;="03708458000279";REDIVIX TRANSPORTES LTDA;Porto Real;0;0;0;106,03;106,03;;;;;;;;;;;;;;;;;;;;;;;;;;;;;;;;;;;;;;;
78845988;="48740351010390";BRASPRESS TRANSPORTES URGENTES LTDA;Porto Real;0;0;0;113,28;113,28;;;;;;;;;;;;;;;;;;;;;;;;;;;;;;;;;;;;;;;
79988073;="18674775000108";M S DE ALMEIDA TRANSPORTES - ME;Porto Real;0;0;0;125;125;;;;;;;;;;;;;;;;;;;;;;;;;;;;;;;;;;;;;;;
86789477;="04887927001541";ANDREANI LOGISTICA LTDA;Porto Real;0;0;0;152,02;152,02;;;;;;;;;;;;;;;;;;;;;;;;;;;;;;;;;;;;;;;
77909028;="03558055001009";INTERMODAL BRASIL LOGISTICA LTDA;Porto Real;0;12,5;12,5;186,56;199,06;;;;;;;;;;;;;;;;;;;;;;;;;;;;;;;;;;;;;;;
77142126;="04155259000324";TRANSPORTADORA M M A LTDA;Porto Real;0;0;0;194,78;194,78;;;;;;;;;;;;;;;;;;;;;;;;;;;;;;;;;;;;;;;
79358630;="08022054000160";OSTARA TELECOMUNICACOES LTDA;Porto Real;0;0;0;208,96;208,96;;;;;;;;;;;;;;;;;;;;;;;;;;;;;;;;;;;;;;;
87371530;="23506129000414";MODULO TRANSPORTE E LOGISTICA LTDA ME;Porto Real;0;0;0;245,03;245,03;;;;;;;;;;;;;;;;;;;;;;;;;;;;;;;;;;;;;;;
77164677;="03341541000252";RTM REDE DE TELECOMUNICACOES PARA O MERCADO LTDA;Porto Real;458,67;129,24;587,91;380,29;968,2;;;;;;;;;;;;;;;;;;;;;;;;;;;;;;;;;;;;;;;
86039842;="86442720000203";COOPERATIVA RIOBRANQUENSE DE TRANSPORTES LTDA;Porto Real;0;0;0;400;400;;;;;;;;;;;;;;;;;;;;;;;;;;;;;;;;;;;;;;;
77730729;="48740351000408";BRASPRESS TRANSPORTES URGENTES LTDA;Porto Real;5538,1;-4262,42;1275,68;441,55;1717,23;;;;;;;;;;;;;;;;;;;;;;;;;;;;;;;;;;;;;;;
79438111;="49025695000660";JD COCENZO & CIA LTDA;Porto Real;0;0;0;500;500;;;;;;;;;;;;;;;;;;;;;;;;;;;;;;;;;;;;;;;
77290028;="03341775000461";TRANSPORTES MOBILINE LTDA;Porto Real;0;0;0;510;510;;;;;;;;;;;;;;;;;;;;;;;;;;;;;;;;;;;;;;;
85208527;="23864838000633";MOVVI LOGISTICA LTDA;Porto Real;2215;-2127,94;87,06;525,97;613,03;;;;;;;;;;;;;;;;;;;;;;;;;;;;;;;;;;;;;;;
11639623;="35839942000142";TMA SUDESTE TRANSPORTE E LOG?STICA LTDA;Porto Real;0;0;0;632,45;632,45;;;;;;;;;;;;;;;;;;;;;;;;;;;;;;;;;;;;;;;
78718021;="74155052000416";UPS DO BRASIL REMESSAS EXPRESSAS LTDA;Porto Real;0;138,91;138,91;695,25;834,16;;;;;;;;;;;;;;;;;;;;;;;;;;;;;;;;;;;;;;;
11823050;="00005039053720";JOAO RUFINO;Porto Real;0;0;0;700;700;024;33532804;;;;JOAO RUFINO;24;33543225;JOAO RUFINO;24;33543225;;;59;Porto Real;RJ;;;;;;59;Porto Real;RJ;;;;;;;;;;;;;;;
83798726;="19199348001311";SADA TRANSPORTES E ARMAZENAGENS S/A;Porto Real;4844;-4844;0;1219,82;1219,82;;;;;;;;;;;;;;;;;;;;;;;;;;;;;;;;;;;;;;;
77028412;="17215039000552";TRANSPORTES PESADOS MINAS S A;Porto Real;0;0;0;1545,45;1545,45;;;;;;;;;;;;;;;;;;;;;;;;;;;;;;;;;;;;;;;
11132219;="30308329000185";TLOG RJ TRANSPORTADORA DE CARGAS LTDA;Porto Real;0;0;0;1559,95;1559,95;;;;;;;;;;;;;;;;;;;;;;;;;;;;;;;;;;;;;;;
11573754;="17451156000353";LOGFIT LOGISTICA E SERVICOS S/A.;Porto Real;0;0;0;1565,41;1565,41;;;;;;;;;;;;;;;;;;;;;;;;;;;;;;;;;;;;;;;
87354628;="05529929000479";AEROFLEX CARGO E LOGISTICA EIRELI - ME;Porto Real;0;0;0;1671,76;1671,76;;;;;;;;;;;;;;;;;;;;;;;;;;;;;;;;;;;;;;;
83869194;="60860087001413";BRINK"S SEGURANCA E TRANSPORTE DE VALORES LTDA;Porto Real;13812,51;-798,1;13014,41;1777,62;14792,03;;;;;;;;;;;;;;;;;;;;;;;;;;;;;;;;;;;;;;;
78254831;="87689402003572";TRANSPORTES LUFT LTDA;Porto Real;0;0;0;2078,84;2078,84;;;;;;;;;;;;;;;;;;;;;;;;;;;;;;;;;;;;;;;
86659069;="06235812000607";CESLOG - CESARI LOGISTICA LTDA;Porto Real;1578,96;119,1;1698,06;2219,68;3917,74;;;;;;;;;;;;;;;;;;;;;;;;;;;;;;;;;;;;;;;
81239592;="58890252000202";DHL EXPRESS BRASIL LTDA;Porto Real;4054,43;-4015,08;39,35;2402,23;2441,58;;;;;;;;;;;;;;;;;;;;;;;;;;;;;;;;;;;;;;;
11810381;="05206385004400";HUGHES TELECOMUNICACOES DO BRASIL LTDA;Porto Real;0;0;0;2516,84;2516,84;;;;;;;;;;;;;;;;;;;;;;;;;;;;;;;;;;;;;;;
11741665;="17888419000124";ZAMIX MULTIPLAY TELECOMUNICACOES LTDA;Porto Real;0;0;0;2517,04;2517,04;;;;;;;;;;;;;;;;;;;;;;;;;;;;;;;;;;;;;;;
81926743;="20147617001113";JAMEF TRANSPORTES EIRELI;Porto Real;1395,43;-191,76;1203,67;2612,65;3816,32;;;;;;;;;;;;;;;;;;;;;;;;;;;;;;;;;;;;;;;
78498560;="01107327000553";BBM LOGISTICA SA;Porto Real;0;0;0;2697,07;2697,07;;;;;;;;;;;;;;;;;;;;;;;;;;;;;;;;;;;;;;;
83778563;="30317762000187";TRANSPORTE GRANDE ORIENTE LTDA;Porto Real;0;0;0;2716;2716;;;;;;;;;;;;;;;;;;;;;;;;;;;;;;;;;;;;;;;
77443673;="05294609000134";ZIRANLOG ARMAZENS GERAIS E TRANSPORTES EIRELI;Porto Real;0;0;0;2853,69;2853,69;;;;;;;;;;;;;;;;;;;;;;;;;;;;;;;;;;;;;;;
78156872;="73939449000940";TEX COURIER LTDA EM RECUPERACAO JUDICIAL;Porto Real;0;0;0;2971,28;2971,28;;;;;;;;;;;;;;;;;;;;;;;;;;;;;;;;;;;;;;;
77410716;="78147105001056";TRANSPORTADORA VANTROBA LTDA;Porto Real;0;0;0;3237,68;3237,68;;;;;;;;;;;;;;;;;;;;;;;;;;;;;;;;;;;;;;;
85390449;="17428731005447";PROSEGUR BRASIL S/A;Porto Real;0;0;0;3594,94;3594,94;;;;;;;;;;;;;;;;;;;;;;;;;;;;;;;;;;;;;;;
79373095;="13647980000160";PROGRESSO ARMAZENS E LOGISTICA EIRELI EPP;Porto Real;102712,25;-71989,32;30722,93;3718,03;34440,96;;;;;;;;;;;;;;;;;;;;;;;;;;;;;;;;;;;;;;;
86289784;="95591723009507";TNT MERCURIO CARGAS E ENCOMENDAS EXPRESSAS LTDA;Porto Real;9712,39;2081,36;11793,75;3787,52;15581,27;;;;;;;;;;;;;;;;;;;;;;;;;;;;;;;;;;;;;;;
87366774;="18233211001373";FL BRASIL HOLDING LOGISTICA E TRANSPORTE LTDA;Porto Real;3321,96;-1624,68;1697,28;3856,57;5553,85;;;;;;;;;;;;;;;;;;;;;;;;;;;;;;;;;;;;;;;
87105938;="17619009000773";VENKON EXPRESS TRANSPORTES EIRELI EPP;Porto Real;0;0;0;3972,03;3972,03;;;;;;;;;;;;;;;;;;;;;;;;;;;;;;;;;;;;;;;
79816930;="05423963013361";OI MOVEL S.A. - EM RECUPERACAO JUDICIAL;Porto Real;329276,35;-30735,23;298541,12;4479,92999999999;303021,05;;;;;;;;;;;;;;;;;;;;;;;;;;;;;;;;;;;;;;;
86344335;="02412371000106";TREVO LOCAR TRANSPORTES LTDA EPP;Porto Real;0;0;0;5812,56;5812,56;;;;;;;;;;;;;;;;;;;;;;;;;;;;;;;;;;;;;;;
77594949;="00650831000370";EFITRANS TRANSPORTES LTDA;Porto Real;0;0;0;6989,93;6989,93;;;;;;;;;;;;;;;;;;;;;;;;;;;;;;;;;;;;;;;
77842411;="03197023000479";UNIVERSAL TELECOM SA;Porto Real;0;0;0;7020;7020;;;;;;;;;;;;;;;;;;;;;;;;;;;;;;;;;;;;;;;
79676365;="59105262002026";TRANSAUTO TRANSPORTES ESPECIALIZADOS DE AUTOMOVEIS S A;Porto Real;1410;-1210;200;7790;7990;;;;;contab@transauto.com.br;Maria C?lia Saba;011;43663401;Wilson Brancato;011;43663406;AVN RENATO MONTEIRO 9415 AREA REMANESCENTE;POLO URBANO AGRO INDUSTRIAL;59;Porto Real;RJ;;;;;;59;Porto Real;RJ;;;;;;;;;;;;;;;
78708751;="09306245000116";PORTO REAL INDUSTRIA DE MAQUINAS E EQUIPAMENTOS LTDA;Porto Real;0;0;0;8084,13;8084,13;;;;;;MARIA ANTONIA DUTRA;24;33531801;MIRTIS MARIA CAMPANHARO GALLON;24;33531801;RUA FERNANDO BERNADELLI S/N S/N;CENTRO;59;Porto Real;RJ;;;;;;59;Porto Real;RJ;;;;;;;;;;;;;;;
80525745;="29453826000198";TRANSPORTE GENEROSO LTDA;Porto Real;11919,09;7443,93;19363,02;9766,76;29129,78;;;;;;;;;;;;;;;;;;;;;;;;;;;;;;;;;;;;;;;
77215573;="93793842000714";SERVICARGA TRANSPORTES E SERVICOS LTDA;Porto Real;0;0;0;10647,56;10647,56;;;;;rafael@servicarga.com.br;RONALDO JOSE BIDESE;0000;;ALTARI ANTONIO COSTA;0021;36586906;RUA PASTOR MANOEL AVELINO DE SOUZA 2064 PARTE;XEREM;25;Duque de Caxias;RJ;;;;;;25;Duque de Caxias;RJ;;;;;;;;;;;;;;;
11898408;="39538126000230";BRLOGIS TRANSPORTE DE VEICULOS S/A;Porto Real;0;0;0;16141,49;16141,49;;;;;CONTABILIDADEJAF@OUTLOOK.COM;CARLOS ANDRE GOMES DA SILVA;0011;99231975;JUAREZ ALVES FERNANDES;0011;99231975;;;92;Volta Redonda;RJ;;;;;;92;Volta Redonda;RJ;;;;;;;;;;;;;;;
86159910;="01878026000108";HAWAI-PORTO REAL TRANSPORTES LTDA;Porto Real;2676;18304;20980;16355;37335;024;33233497;;;fiscal.dec@edvaldocontabilidade.cnt.br;FABIO CRISPIM;024;33239200;EDVALDO RIGUEIRA RODRIGUES;24;33655695;AVN RENATO MONTEIRO 7800 ;POLO IURBO AGRO INDUSTRIAL;59;Porto Real;RJ;;;;;;59;Porto Real;RJ;;;;;;;;;;;;;;;
78776323;="03098929000436";SETE LAGOAS TRANSPORTES LTDA ME;Porto Real;0;6250,58;6250,58;19472,42;25723;;;;;;;;;;;;;;;;;;;;;;;;;;;;;;;;;;;;;;;
85731270;="74445099000252";QUIMITRANS TRANSPORTES LTDA;Porto Real;0;0;0;20501,23;20501,23;;;;;;;;;;;;;;;;;;;;;;;;;;;;;;;;;;;;;;;
78139587;="26178616000302";EMPREENDIMENTOS RODEIRO S/A;Porto Real;50146,22;-33952,91;16193,31;21798,5;37991,81;;;;;;;;;;;;;;;;;;;;;;;;;;;;;;;;;;;;;;;
78002840;="40432544006269";CLARO S/A;Porto Real;2226483;-125480,37;2101002,63;22106,3100000001;2123108,94;;;;;;;;;;;;;;;;;;;;;;;;;;;;;;;;;;;;;;;
75849699;="58506155000427";MIRA OTM TRANSPORTES LTDA;Porto Real;0;0;0;29901,99;29901,99;;;;;;;;;;;;;;;;;;;;;;;;;;;;;;;;;;;;;;;
85454455;="00468285000190";TRANZIRAN TRANSPORTES EIRELI;Porto Real;0;0;0;30847,31;30847,31;;;;;;;;;;;;;;;;;;;;;;;;;;;;;;;;;;;;;;;
72317025;="00008176865761";JOSE CARLOS PEDROSO;Porto Real;0;0;0;37755,48;37755,48;;;;;;JOSE CARLOS PEDROSO;024;88040305;;;;;;59;Porto Real;RJ;;;;;;59;Porto Real;RJ;;;;;;;;;;;;;;;
79402605;="13742011000199";TRANSLUC TRANSPORTES E SERVICOS EIRELI EPP;Porto Real;272189,52;43810,17;315999,69;40608,08;356607,77;;;;;;;;;;;;;;;;;;;;;;;;;;;;;;;;;;;;;;;
80735936;="49930514002693";SODEXO DO BRASIL COMERCIAL S A;Porto Real;0;0;0;44232,21;44232,21;;;;;;;;;;;;;;;;;;;;;;;;;;;;;;;;;;;;;;;
79743640;="16758051000117";EXPRESSO TRANSPORTADORA CELTON LTDA ME;Porto Real;1625039,13;566097,37;2191136,5;49828;2240964,5;024;99977138;;;josias@jsconsultoriacontabil.com;CELSO ROBERTO DA CONCEI??O;24;33536127;JOSIAS DA SILVA;24;33536127;ETR FLORIANO PORTO REAL 1744 LOJA A;CENTRO;59;Porto Real;RJ;;;;;;59;Porto Real;RJ;;;;;;;;;;;;;;;
87135357;="60319985000225";JOMED TRANSPORTE E LOGISTICA EIRELI;Porto Real;0;1;1;50663,75;50664,75;;;;;;;;;;;;;;;;;;;;;;;;;;;;;;;;;;;;;;;
78813261;="06238738000330";ACOLOG SERVICOS DE TRANSPORTE E LOGISTICA LTDA;Porto Real;610596,74;321897,44;932494,18;52057,12;984551,3;;;;;;;;;;;;;;;;;;;;;;;;;;;;;;;;;;;;;;;
78196475;="76642743001603";DEL POZO TRANSPORTES RODOVIARIOS LTDA;Porto Real;146676,02;-97779,02;48897;59835,22;108732,22;;;;;;;;;;;;;;;;;;;;;;;;;;;;;;;;;;;;;;;
86160919;="01682917000186";COUTRANS TRANSPORTES E SERVICOS LTDA;Porto Real;2700;75360,82;78060,82;68603,78;146664,6;;;;;;;;;;;;;;;;;;;;;;;;;;;;;;;;;;;;;;;
11229980;="66301334001002";LATICINIOS PORTO ALEGRE INDUSTRIA E COMERCIO S/A;Porto Real;0;0;0;70643,82;70643,82;;;;;;;;;;;;;;;;;;;;;;;;;;;;;;;;;;;;;;;
79177857;="75627836000705";JALOTO TRANSPORTES LTDA;Porto Real;173852,61;-173852,61;0;79147,22;79147,22;;;;;;;;;;;;;;;;;;;;;;;;;;;;;;;;;;;;;;;
87134369;="07381852001359";JPS FARMA LIMITADA;Porto Real;938379,29;125407,52;1063786,81;83657;1147443,81;;;;;eduardo@rederetiro.com.br;POLLYANA DE OLIVEIRA SANTOS;24;33452200;Francis Muniz Rocha;24;33452200;AVN B 1235 LOTE 0197 QUADRA 0001;RIBEIRAO DA DIVISA;59;Porto Real;RJ;;;;;;59;Porto Real;RJ;;;;;;;;;;;;;;;
86604060;="89086144000973";RANDON S A IMPLEMENTOS E PARTICIPACOES;Porto Real;0;0;0;85676,06;85676,06;054;32394305;054;32393011;erica.machado@randon.com.br;DANIEL RAUL RANDON;054;32392417;PAULA MACHADO CORREA;054;32392417;AVN RENATO MONTEIRO 8005 ANEXO:I A III;POLO URBO AGRO INDUSTRIAL;59;Porto Real;RJ;;;;;;59;Porto Real;RJ;;;;;;;;;;;;;;;
86316986;="57512691000987";TURSAN TURISMO SANTO ANDRE LTDA;Porto Real;885699,93;1056382,19;1942082,12;85861,3399999999;2027943,46;;;;;fiscal@tursan.com.br;HIGOR LUIZ FERNANDES SOUSA;12;21258500;CELSO ALVES DOS SANTOS;12;21258500;RUA Honório de Almeida Paiva 125 CENTRO ESPORTIVO Q L A 1;Jardim Jalisco;63;Resende;RJ;;;;;;63;Resende;RJ;;;;;;;;;;;;;;;
87173631;="02099296000256";MECSTEEL - INDUSTRIA MECANICA LTA - EPP;Porto Real;0;0;0;105363;105363;024;33224436;;;fiscal.dec@edvaldocontabilidade.cnt.br;PAULO CESAR BARBOSA DOS SANTOS;024;22339200;EDVALDO RIGUEIRA RODRIGUES;24;33655695;AVN A S/N LOTE 02 QUADRA C;POLO INDUSTRIAL;59;Porto Real;RJ;;;;;;59;Porto Real;RJ;;;;;;;;;;;;;;;
77968938;="22447684000883";DGRA NEL TRANSPORTES E COMERCIO LTDA;Porto Real;0;25259;25259;106457,5;131716,5;;;;;;;;;;;;;;;;;;;;;;;;;;;;;;;;;;;;;;;
85727028;="66970229001139";NEXTEL TELECOMUNICACOES LTDA.;Porto Real;407149,55;93062,98;500212,53;113632,55;613845,08;;;;;;;;;;;;;;;;;;;;;;;;;;;;;;;;;;;;;;;
11456219;="17451156000272";LOGFIT LOGISTICA E SERVICOS S/A.;Porto Real;0;0;0;115902,52;115902,52;;;;;;;;;;;;;;;;;;;;;;;;;;;;;;;;;;;;;;;
79213160;="52548435015524";JSL S/A;Porto Real;43765,33;-43765,33;0;133354,99;133354,99;;;;;;;;;;;;;;;;;;;;;;;;;;;;;;;;;;;;;;;
75086261;="02512449000164";TRANSBANANAL TRANSPORTES LTDA;Porto Real;0;0;0;137083,49;137083,49;;;;;;;;;;;;;;;;;;;;;;;;;;;;;;;;;;;;;;;
85440357;="55184691000201";TRANSPORTADORA JULE LTDA;Porto Real;93412,6;-75423,75;17988,85;173878,51;191867,36;;;;;;;;;;;;;;;;;;;;;;;;;;;;;;;;;;;;;;;
83883332;="28672996000605";COOPERATIVA AGRO PECUARIA DE BARRA MANSA LTDA;Porto Real;551625,8;-61966,3;489659,5;188431,53;678091,03;;;;;;;;;;;;;;;;;;;;;;;;;;;;;;;;;;;;;;;
78030844;="07714104000107";VM OPENLINK COMUNICAÇÃO MULTIMIDIA S.A.;Porto Real;0;0;0;189317,08;189317,08;;;;;;;;;;;;;;;;;;;;;;;;;;;;;;;;;;;;;;;
77663711;="05931640000139";TRANSPORTES SOUZA ARAUJO LTDA;Porto Real;274634,62;-188132,97;86501,65;207599,97;294101,62;;;;;;;;;;;;;;;;;;;;;;;;;;;;;;;;;;;;;;;
11540970;="34790127000173";LPO INDUSTRIA E COMERCIO DE VELAS EIRELI;Porto Real;0;0;0;223308,56;223308,56;024;33233497;;;fiscal.dec@edvaldocontabilidade.cnt.br;LARISSA DE PAULA OLIVEIRA;024;33233497;EDVALDO RIGUEIRA RODRIGUEZ;24;33233497;AVN DOM PEDRO II 4112 :AREA B2;VILLAGE PORTO REAL;59;Porto Real;RJ;;;;;;59;Porto Real;RJ;;;;;;;;;;;;;;;
77807004;="22635197000330";TRANSFAL TRANSPORTES LTDA;Porto Real;0;0;0;258077,42;258077,42;;;;;;;;;;;;;;;;;;;;;;;;;;;;;;;;;;;;;;;
77594540;="88301882001490";HENRIQUE STEFANI TRANSPORTE E LOGISTICA LTDA;Porto Real;354501,67;-207773,48;146728,19;261340,87;408069,06;;;;;;;;;;;;;;;;;;;;;;;;;;;;;;;;;;;;;;;
11578934;="08430504003683";F M COMERCIO DE MOVEIS LTDA;Porto Real;0;158568,37;158568,37;274187,5;432755,87;022;38246196;;;INFANTE_FISCAL@HOTMAIL.COM;CYRO VICENTE DE SOUZA;22;38246196;ADENILTON DE OLIVEIRA INFANTE;22;38246196;AVN A S/N LOJA1,LOJA2,LOJA 4, FILIAL 35;NOVA COLONIA;59;Porto Real;RJ;;;;;;59;Porto Real;RJ;;;;;;;;;;;;;;;
86832194;="16884492000599";TDM TRANSPORTES LTDA;Porto Real;0;0;0;296851,25;296851,25;;;;;;;;;;;;;;;;;;;;;;;;;;;;;;;;;;;;;;;
87321878;="12898982001727";RITMO LOGISTICA S.A.;Porto Real;341414,72;474635,87;816050,59;302546,43;1118597,02;;;;;;;;;;;;;;;;;;;;;;;;;;;;;;;;;;;;;;;
86791706;="14049467000300";LACTALIS DO BRASIL COMERCIO IMPORTACAO E EXPORTACAO DE LATICINIOS LTDA;Porto Real;473118,1;217171,03;690289,13;342964,03;1033253,16;;;;;;;;;;;;;;;;;;;;;;;;;;;;;;;;;;;;;;;
83699205;="61139432000253";TRANSPORTES DELLA VOLPE S A COMERCIO E INDUSTRIA;Porto Real;0;86161,32;86161,32;388337,53;474498,85;;;;;;;;;;;;;;;;;;;;;;;;;;;;;;;;;;;;;;;
99199997;="42498675000152";RF 9999 SUPERINTENDENCIA ESTADUAL CADASTRO E INF ECON FISCAIS;Porto Real;2046919,76;72771,05;2119690,81;407587,03;2527277,84;;;;;;;;;;;;;;;;;;;;;;;;;;;;;;;;;;;;;;;
79145149;="12392614000145";L A MARASSI MERCEARIA LTDA;Porto Real;3130815,21;-314364,21;2816451;472244,32;3288695,32;;;;;fical@focuscontabil.com;CINTHIA MEDICE MARASSI NUNES;021;38564273;Alcir Batista Guimar?es Filho;21;38564273;RUA 17 169 ;FREITAS SOARES;59;Porto Real;RJ;;;;;;59;Porto Real;RJ;;;;;;;;;;;;;;;
85206672;="88009030000452";MODULAR TRANSPORTES LTDA;Porto Real;205,19;280410,31;280615,5;501436,92;782052,42;;;;;;;;;;;;;;;;;;;;;;;;;;;;;;;;;;;;;;;
85297848;="02667694000221";TELMEX DO BRASIL S/A;Porto Real;0;730307,78;730307,78;504434,13;1234741,91;;;;;;;;;;;;;;;;;;;;;;;;;;;;;;;;;;;;;;;
75424809;="30709661000151";REMON IMOBILIARIA E AGROPECUARIA LTDA;Porto Real;427583,41;1116467,55;1544050,96;558330,05;2102381,01;021;22330412;;;;PAULO RENATO ANDRADE COSTA SILVA;24;33534552;MARIA DO CARMO TEIXEIRA;024;33481689;;;59;Porto Real;RJ;;;;;;59;Porto Real;RJ;;;;;;;;;;;;;;;
87023460;="03469066000385";TELECARGO ENCOMENDAS EXPRESSAS LTDA;Porto Real;0;495983,57;495983,57;630332,03;1126315,6;;;;;;;;;;;;;;;;;;;;;;;;;;;;;;;;;;;;;;;
79312851;="13285658000139";MILLER INDUSTRIA MECANICA LTDA ME;Porto Real;1134912,27;-1118481,55;16430,72;841291,85;857722,57;024;33230556;024;33234249;fiscalpresumidorlourenco@gmail.com;MARCOS AUGUSTO MILLER CARDOSO;24;30280294;F?BIO MARASSI DE BARROS;24;33230556;RUA C 130 LOTE A QUADRA A;POLO EMPRESARIAL;59;Porto Real;RJ;;;;;;59;Porto Real;RJ;;;;;;;;;;;;;;;
11684009;="77058881001106";TRANS-PIZZATTO TRANSPORTADORA DE CARGAS RODOVIARIAS LTDA;Porto Real;0;0;0;962534,73;962534,73;;;;;;;;;;;;;;;;;;;;;;;;;;;;;;;;;;;;;;;
78981180;="68979111000630";PARADISO GIOVANELLA TRANSPORTES LTDA;Porto Real;29145,32;-29145,32;0;1017053,79;1017053,79;;;;;;;;;;;;;;;;;;;;;;;;;;;;;;;;;;;;;;;
87391469;="28081130000115";FELISA METAIS EIRELI;Porto Real;2580706,45;-2580706,45;0;1086649,52;1086649,52;024;99998486;;;;RICARDO JOSE NOGUEIRA;011;56607014;CELIA REGINA DUARTE BRITO;011;56607014;ETR PUBLICA 893 ÁREA HOTEL;PARQUE MARIANA;59;Porto Real;RJ;;;;;;59;Porto Real;RJ;;;;;;;;;;;;;;;
78558652;="48539407003133";BASF SA;Porto Real;5908727,35;-1633278,1;4275449,25;1104650,12;5380099,37;;;;;FISCAL@BASF.COM;MANFREDO DIETER RUBENS;011;20393000;RODRIGO PINHO GARCIA;011;20393000;AVN RENATO MONTEIRO S/N PORTO REAL;CENTRO;59;Porto Real;RJ;;;;;;59;Porto Real;RJ;;;;;;;;;;;;;;;
11473407;="81615627001201";BNTG LOGISTICA LTDA;Porto Real;0;0;0;1256605,59;1256605,59;;;;;;;;;;;;;;;;;;;;;;;;;;;;;;;;;;;;;;;
11184812;="30863677000114";SILVA ALIMENTOS NOVO HORIZONTE LTDA;Porto Real;0;0;0;1279857,87;1279857,87;024;99998486;;;fiscal02-smprj@smpcontabilidade.com.br;ANA PAULA DE SOUZA SILVA;021;34032333;FERNANDO ANTONIO MARQUES DE FATIMO;021;34032333;RUA DAS FLORES 18 LOTE:01,QUADRA:A;NOVO HORIZONTE;59;Porto Real;RJ;;;;;;59;Porto Real;RJ;;;;;;;;;;;;;;;
11094082;="09464773000284";TRANSCIARDI TRANSPORTE DE CARGA E LOGISTICA LTDA;Porto Real;125044,74;-125044,74;0;1811614,24;1811614,24;024;33532237;;;fiscal@leardinicontabilidade.com.br;RICARDO MIQUELAZZO;11;45476699;MURILO LEARDINI;11;45476699;AVN DOM PEDRO II 1206 SALA:A;CENTRO;59;Porto Real;RJ;;;;;;59;Porto Real;RJ;;;;;;;;;;;;;;;
11543804;="34731643000127";ANDER RIBEIRO ARRUDA ME;Porto Real;0;0;0;1988592,8;1988592,8;;;;;;;;;;;;;;;;;;;;;;;;;;;;;;;;;;;;;;;
85994964;="01417222000509";MRS LOGISTICA S/A;Porto Real;793913,7;1171758,37;1965672,07;2048301,11;4013973,18;;;;;;;;;;;;;;;;;;;;;;;;;;;;;;;;;;;;;;;
77557741;="05660403000180";QUIMREAL - REAL INDUSTRIA QUIMICA LTDA;Porto Real;6505698,37;2795636,45;9301334,82;2093230,06;11394564,88;024;33815116;;;fiscal.dec@edvaldocontabilidade.cnt.br;ARTHUR JARDIM ROCHA;24;33233497;EDVALDO RIGUEIRA RODRIGUES;24;33233497;AVN H R PRITICHARD 210 ;BULHOES;59;Porto Real;RJ;;;;;;59;Porto Real;RJ;;;;;;;;;;;;;;;
79858226;="49243124000430";TRANSMORENO TRANSPORTE E LOGISTICA LTDA;Porto Real;9831,16;-5801,4;4029,76;2542745,91;2546775,67;024;33532318;024;33533335;;DENEILDO SANTOS DA SILVA;41;31347720;MARA LUCIA REWAY BEIRA KADOWAKI;41;31347720;AVN RENATO MONTEIRO S/N ;POLO URBO AGRO INDUSTRIAL;59;Porto Real;RJ;;;;;;59;Porto Real;RJ;;;;;;;;;;;;;;;
87220761;="08762025000304";NEXTEER INDUSTRIA E COMERCIO DE SISTEMAS AUTOMOTIVOS LTDA;Porto Real;72458798,3;-16886245,07;55572553,23;5785454,51000001;61358007,74;051;33737561;;;adriani.santos@nexteer.com;JEFERSON FELIX DE OLIVEIRA;51;33737532;Ricardo Santos Souza;51;33737532;AVN RENATO MONTEIRO 5570 PARTE;POLO URBO AGRO INDUSTRIAL;59;Porto Real;RJ;;;;;;59;Porto Real;RJ;;;;;;;;;;;;;;;
87102998;="24191016000197";TW LOGISTICA E TRANSPORTES LTDA ME;Porto Real;0;0;0;6615387,44;6615387,44;024;21093920;;;pedro@twlog.com.br;PEDRO MACHADO DOS SANTOS;0024;33531515;PAULO SERGIO DE SOUZA;0024;21093920;;;63;Resende;RJ;;;;;;63;Resende;RJ;;;;;;;;;;;;;;;
86517051;="61186888010318";SPAL INDUSTRIA BRASILEIRA DE BEBIDAS S/A;Porto Real;78385640,6;58930280,33;137315920,93;7556020,57999998;144871941,51;;;;;fiscal@kof.com.mx;Avelino Silvio Nogueira Pereira;11;21022500;Edmundo Santana;11;21022500;AVN DOM PEDRO II 87 ;CENTRO;59;Porto Real;RJ;;;;;;59;Porto Real;RJ;;;;;;;;;;;;;;;
77617515;="05454543000100";RECIBRAS PORTO REAL RESIDUOS LTDA;Porto Real;13033242,29;-5834463,02;7198779,27;8287989,9;15486769,17;024;33233497;;;fiscal.dec@edvaldocontabilidade.cnt.br;NATALIA MELO DE PAIVA;24;33233497;EDVALDO RIGUEIRA RODRIGUES;24;33233497;AVN H. R. PRITCHARD S/N ;Bulhoes;59;Porto Real;RJ;;;;;;59;Porto Real;RJ;;;;;;;;;;;;;;;
87030946;="91830836004085";OLFAR S/A - ALIMENTO E ENERGIA;Porto Real;17717194,82;-7896480,65;9820714,17;27191328,33;37012042,5;024;33535101;;;;JOSE CARLOS WESCHENFELDER;54;21062600;S?nia Ramos Garcia Puerari;54;21062600;AVN DOM PEDRO II 4040 AREA B1;VILLAGE PORTO REAL;59;Porto Real;RJ;;;;;;59;Porto Real;RJ;;;;;;;;;;;;;;;
85873091;="01410577000134";GUARDIAN DO BRASIL VIDROS PLANOS LTDA;Porto Real;182666283,51;-62614732,94;120051550,57;28870333,06;148921883,63;021;35509150;;;rcorrea@guardian.com;CAMILA SA CARVALHO MOURA;24;33559000;CAMILA SA CARVALHO MOURA;24;33559000;RUA FERNANDO BERNARDELLI 2000. ;Centro;59;Porto Real;RJ;;;;;;59;Porto Real;RJ;;;;;;;;;;;;;;;
75566417;="33042730013001";COMPANHIA SIDERURGICA NACIONAL;Porto Real;132679399,75;-117129018,79;15550380,96;61754339,97;77304720,93;024;33582959;;;tributariocsn@csn.com.br;ACYR FRAUCHES CURTY;11;92167163;ACYR FRAUCHES CURTY;11;92167163;AVN RENATO MONTEIRO 7777 ;POLO URBO AGRO INDUSTRIAL;59;Porto Real;RJ;;;;;;59;Porto Real;RJ;;;;;;;;;;;;;;;
